Date,Open,High,Low,Last,Vol
9/30/2011,4990.1499,5025.5498,4924.2998,4943.25,0
10/3/2011,4874.3999,4879.1499,4823.8999,4849.5,0
10/4/2011,4823.5,4869.75,4728.2998,4772.1499,0
10/5/2011,4791.2998,4827.7998,4741,4751.2998,0
10/7/2011,4883.6499,4922.6001,4861.2002,4888.0498,0
10/10/2011,4886.8501,4991.1499,4882.0498,4979.6001,0
10/11/2011,5019.8999,5045.1001,4964,4974.3501,0
10/12/2011,5011.2002,5109.7998,4997.6499,5099.3999,0
10/13/2011,5130.7998,5136.9502,5067.6499,5077.8501,0
10/14/2011,5057.3501,5141.3999,5056.6001,5132.2998,0
10/17/2011,5156.2002,5160.2002,5084.5,5118.25,0
10/18/2011,5049.4502,5057.5,5011.0498,5037.5,0
10/19/2011,5080.4502,5148.0498,5075.2998,5139.1499,0
10/20/2011,5086.5498,5099,5033.9502,5091.8999,0
10/21/2011,5106.6001,5120.75,5037.9502,5049.9502,0
10/24/2011,5114.7002,5145.6499,5084.75,5098.3501,0
10/25/2011,5137.8999,5211,5085.5498,5191.6001,0
10/26/2011,5214.9502,5219.25,5196.1499,5201.7998,0
10/28/2011,5341.8999,5399.7002,5322.7998,5360.7002,0
10/31/2011,5358.8999,5360.25,5314.6001,5326.6001,0
11/1/2011,5278.6001,5310.8501,5238.2998,5257.9502,0
11/2/2011,5216.75,5300.1001,5204.9502,5258.4502,0
11/3/2011,5241.5498,5281.6001,5201.8501,5265.75,0
11/4/2011,5325.3999,5326.4502,5256.7998,5284.2002,0
11/8/2011,5292.25,5304.25,5252,5289.3501,0
11/9/2011,5309.7002,5317.5,5211.75,5221.0498,0
11/11/2011,5159.75,5198.6001,5142.25,5168.8501,0
11/14/2011,5217.3501,5228.8999,5140.5498,5148.3501,0
11/15/2011,5131.2002,5158.75,5052.8501,5068.5,0
11/16/2011,5059.1001,5065.2002,4989.5,5030.4502,0
11/17/2011,5027.1001,5036.7998,4919.4502,4934.75,0
11/18/2011,4899.1499,4915.8999,4837.9502,4905.7998,0
11/21/2011,4873.7998,4873.7998,4764.7998,4778.3501,0
11/22/2011,4794.8501,4854,4782.5498,4812.3501,0
11/23/2011,4779.5,4779.5,4640.9502,4706.4502,0
11/24/2011,4707.5498,4771.1001,4639.1001,4756.4502,0
11/25/2011,4731.2998,4767.2998,4693.1001,4710.0498,0
11/28/2011,4769.2998,4859.1001,4766.3999,4851.2998,0
11/29/2011,4864.2002,4866.1001,4787.1001,4805.1001,0
11/30/2011,4766.1499,4851.5498,4754.7998,4832.0498,0
12/1/2011,4970.8501,5011.8999,4916.7002,4936.8501,0
12/2/2011,4940.8501,5062.5498,4918.3999,5050.1499,0
12/5/2011,5036.5,5055.3999,5002.5498,5039.1499,0
12/7/2011,5050.1001,5099.25,5032.25,5062.6001,0
12/8/2011,5037.3999,5049.0498,4921.4502,4943.6499,0
12/9/2011,4870.75,4918.3501,4841.75,4866.7002,0
12/12/2011,4906.8501,4910.25,4755.5498,4764.6001,0
12/13/2011,4733.6001,4824.7002,4728.5,4800.6001,0
12/14/2011,4788.7002,4839.5498,4750.3999,4763.25,0
12/15/2011,4712.7998,4768.6499,4673.8501,4746.3501,0
12/16/2011,4752.5,4818.8501,4628.2002,4651.6001,0
12/19/2011,4623.1499,4623.1499,4555.8999,4613.1001,0
12/20/2011,4635.7998,4637.25,4531.1499,4544.2002,0
12/21/2011,4636.4502,4707.3501,4601.9502,4693.1499,0
12/22/2011,4636.8999,4740.6001,4632.9502,4733.8501,0
12/23/2011,4763.2002,4763.4502,4693.2002,4714,0
12/26/2011,4718.1499,4787.25,4718.1499,4779,0
12/27/2011,4780.2002,4800.5,4723.6499,4750.5,0
12/28/2011,4756.2002,4756.2002,4685.6499,4705.7998,0
12/29/2011,4681.1499,4701.7998,4639.0498,4646.25,0
12/30/2011,4659.9502,4690.4502,4608.8999,4624.2998,0
1/2/2012,4640.2002,4645.9502,4588.0498,4636.75,0
1/3/2012,4675.7998,4773.1001,4675.7998,4765.2998,0
1/4/2012,4774.9502,4782.8501,4728.8501,4749.6499,0
1/5/2012,4749,4779.7998,4730.1499,4749.9502,0
1/6/2012,4724.1499,4794.8999,4686.8501,4754.1001,0
1/9/2012,4747.5498,4758.7002,4695.4502,4742.7998,0
1/10/2012,4771.8501,4855.8999,4768.25,4849.5498,0
1/11/2012,4863.1499,4877.2002,4841.6001,4860.9502,0
1/12/2012,4840.9502,4869.2002,4803.8999,4831.25,0
1/13/2012,4861.9502,4898.8501,4834.2002,4866,0
1/16/2012,4844,4880.7998,4827.0498,4873.8999,0
1/17/2012,4904.5,4975.5498,4904,4967.2998,0
1/18/2012,4977.75,4980.6499,4931.0498,4955.7998,0
1/19/2012,4995,5023.7998,4991.3999,5018.3999,0
1/20/2012,5044.8501,5064.1499,5004.2998,5048.6001,0
1/23/2012,5025.3501,5059.5498,5021.3501,5046.25,0
1/24/2012,5064.7998,5141.0498,5049.7998,5127.3501,0
1/25/2012,5151.5,5174.1499,5130.25,5158.2998,0
1/27/2012,5216.75,5217,5162.3999,5204.7002,0
1/30/2012,5163.5498,5166.1499,5076.7002,5087.2998,0
1/31/2012,5125.25,5215.3999,5120.1499,5199.25,0
2/1/2012,5198.1499,5244.6001,5159,5235.7002,0
2/2/2012,5272.1001,5289.9502,5225.75,5269.8999,0
2/3/2012,5276.1001,5334.8501,5255.5498,5325.8501,0
2/6/2012,5379.4502,5390.0498,5327.25,5361.6499,0
2/7/2012,5412.9502,5413.3501,5322.9502,5335.1499,0
2/8/2012,5343.7998,5396.8999,5325.2002,5368.1499,0
2/9/2012,5343.0498,5423.3999,5338.8999,5412.3501,0
2/10/2012,5399.7998,5427.75,5341.0498,5381.6001,0
2/13/2012,5382.1001,5421.0498,5351.3999,5390.2002,0
2/14/2012,5380.7998,5428.0498,5377.9502,5416.0498,0
2/15/2012,5460.6001,5542.1001,5460.6001,5531.9502,0
2/16/2012,5513.75,5531.3999,5483.75,5521.9502,0
2/17/2012,5574.2002,5606.7002,5545.2002,5564.2998,0
2/21/2012,5561.8999,5621.5,5561.75,5607.1499,0
2/22/2012,5609.75,5629.9502,5491.3501,5505.3501,0
2/23/2012,5490.0498,5537.3999,5460.7998,5483.2998,0
2/24/2012,5479.1499,5521.3999,5405.8999,5429.2998,0
2/27/2012,5448.1001,5449.7998,5268.1499,5281.2002,0
2/28/2012,5310.5,5391.1001,5306.4502,5375.5,0
2/29/2012,5424.9502,5458.7998,5352.25,5385.2002,0
3/1/2012,5366,5372.4502,5297.5,5339.75,0
3/2/2012,5369.4502,5392.5498,5315.0498,5359.3501,0
3/5/2012,5342.5498,5344.5,5265.7002,5280.3501,0
3/6/2012,5266,5382.0498,5206.3999,5222.3999,0
3/7/2012,5207.0498,5243.8501,5171.4502,5220.4502,0
3/9/2012,5294.1001,5342.2998,5291.6001,5333.5498,0
3/12/2012,5420.1001,5421.8999,5327.2998,5359.5498,0
3/13/2012,5391.0498,5438.6499,5390.7998,5429.5,0
3/14/2012,5490.5498,5499.3999,5437.7998,5463.8999,0
3/15/2012,5462.5,5462.5,5362.2998,5380.5,0
3/16/2012,5380.3501,5445.6499,5305,5317.8999,0
3/19/2012,5337.3501,5340.7002,5238.5498,5257.0498,0
3/20/2012,5257.1499,5297.3501,5233.25,5274.8501,0
3/21/2012,5267.2002,5372.3501,5256,5364.9502,0
3/22/2012,5361.1001,5385.9502,5205.6499,5228.4502,0
3/23/2012,5255.6499,5312,5220,5278.2002,0
3/26/2012,5274.3501,5274.9502,5174.8999,5184.25,0
3/27/2012,5242.9502,5277.9502,5184.6499,5243.1499,0
3/28/2012,5231.7002,5236.5498,5169.6001,5194.75,0
3/29/2012,5145.9502,5194.2998,5135.9502,5178.8501,0
3/30/2012,5206.6001,5307.1001,5203.6499,5295.5498,0
4/2/2012,5296.3501,5331.5498,5278.7998,5317.8999,0
4/3/2012,5353.2002,5378.75,5344.4502,5358.5,0
4/4/2012,5328.6499,5338.3999,5305.2998,5322.8999,0
4/9/2012,5282.5,5287.8999,5228,5234.3999,0
4/10/2012,5254.1001,5255.7998,5211.8501,5243.6001,0
4/11/2012,5209.4502,5263.6499,5190.7998,5226.8501,0
4/12/2012,5246.75,5290.6001,5246.75,5276.8501,0
4/13/2012,5255.7002,5306.75,5185.3999,5207.4502,0
4/16/2012,5190.6001,5233.5,5183.5,5226.2002,0
4/17/2012,5266.6001,5298.2002,5208.3501,5289.7002,0
4/18/2012,5320.7002,5342,5293.4502,5300,0
4/19/2012,5320.6001,5342.4502,5291.2998,5332.3999,0
4/20/2012,5313.9502,5336.1499,5245.4502,5290.8501,0
4/23/2012,5277.3999,5310.5498,5187.1499,5200.6001,0
4/24/2012,5215.8999,5232.3501,5180.3501,5222.6499,0
4/25/2012,5222.2002,5236.1001,5160.6499,5202,0
4/26/2012,5214.75,5215.6001,5179.0498,5189,0
4/27/2012,5189,5223.0498,5154.2998,5190.6001,0
4/30/2012,5201.4502,5262.1499,5201.4502,5248.1499,0
5/2/2012,5254.2998,5279.6001,5226.4502,5239.1499,0
5/3/2012,5211.2002,5217.2998,5180.6499,5188.3999,0
5/4/2012,5166.6499,5177.2002,5070.6001,5086.8501,0
5/7/2012,5017.7998,5124.75,4988,5114.1499,0
5/8/2012,5114.7002,5119.9502,4983.6001,4999.9502,0
5/9/2012,4967.8999,5016.25,4956.4502,4974.7998,0
5/10/2012,4984.1499,5039.2998,4950.2998,4965.7002,0
5/11/2012,4938.8501,4976.25,4906.1499,4928.8999,0
5/14/2012,4934.3501,4957.2002,4874.5,4907.7998,0
5/15/2012,4869.8501,4955.2002,4868.5498,4942.7998,0
5/16/2012,4875.2998,4882.25,4837.0498,4858.25,0
5/17/2012,4878.6001,4922.25,4850.2002,4870.2002,0
5/18/2012,4796.3999,4908.5,4788.9502,4891.4502,0
5/21/2012,4888.5,4937.5,4888.5,4906.0498,0
5/22/2012,4954.7002,4956.3501,4849.8999,4860.5,0
5/23/2012,4843,4853.75,4803.9502,4835.6499,0
5/24/2012,4863.3999,4931.8999,4830.1499,4921.3999,0
5/25/2012,4905.9502,4935.7998,4889.3501,4920.3999,0
5/28/2012,4931.7002,4994.9502,4931.2998,4985.6499,0
5/29/2012,5005.3501,5020.1499,4982.1499,4990.1001,0
5/30/2012,4964.25,4982.25,4944.8999,4950.75,0
5/31/2012,4896.1001,4949.25,4883.5498,4924.25,0
6/1/2012,4910.8501,4925,4831.75,4841.6001,0
6/4/2012,4797.2998,4858.2998,4770.3501,4848.1499,0
6/5/2012,4869.4502,4898.9502,4847.7002,4863.2998,0
6/6/2012,4886.6499,5010.4502,4886.1499,4997.1001,0
6/7/2012,5035.3501,5059.6499,5007.75,5049.6499,0
6/8/2012,5044.25,5084.4502,4994.7998,5068.3501,0
6/11/2012,5096.7002,5124.4502,5040.7002,5054.1001,0
6/12/2012,5015.5,5128.8999,5015.1499,5115.8999,0
6/13/2012,5117.5498,5144.8999,5095.4502,5121.4502,0
6/14/2012,5105.1001,5130,5047.6001,5054.75,0
6/15/2012,5069.5498,5146.2002,5069.1499,5139.0498,0
6/18/2012,5174,5190.2002,5041.7002,5064.25,0
6/19/2012,5050.7998,5113.6001,5048.1001,5103.8501,0
6/20/2012,5114.5498,5141.7002,5100.7002,5120.5498,0
6/21/2012,5097.3501,5170.3999,5093.4502,5165,0
6/22/2012,5101.75,5159.7998,5094,5146.0498,0
6/25/2012,5158.5,5194.6001,5105.6499,5114.6499,0
6/26/2012,5107.4502,5134.5498,5095.5,5120.7998,0
6/27/2012,5149.4502,5160.1001,5129.25,5141.8999,0
6/28/2012,5148.9502,5159.0498,5125.2998,5149.1499,0
6/29/2012,5191.25,5286.25,5189,5278.8999,0
7/2/2012,5283.8501,5302.1499,5263.3501,5278.6001,0
7/3/2012,5298.8501,5317,5265.9502,5287.9502,0
7/4/2012,5310.3999,5317.6499,5273.2998,5302.5498,0
7/5/2012,5297.0498,5333.6499,5288.8501,5327.2998,0
7/6/2012,5324.7002,5327.2002,5287.75,5316.9502,0
7/9/2012,5283.7002,5300.6001,5257.75,5275.1499,0
7/10/2012,5286.6001,5348.5498,5284.5498,5345.3501,0
7/11/2012,5315.25,5336.4502,5300.25,5306.2998,0
7/12/2012,5240,5261.75,5217.7002,5235.25,0
7/13/2012,5242.75,5267.1499,5216.8501,5227.25,0
7/16/2012,5232.3501,5246.8501,5190.4502,5197.25,0
7/17/2012,5228.0498,5236.7002,5181.7002,5192.8501,0
7/18/2012,5199.1001,5222.8501,5169.0498,5216.2998,0
7/19/2012,5249.8501,5257.75,5233.1499,5242.7002,0
7/20/2012,5233.5498,5238.7002,5197.5,5205.1001,0
7/23/2012,5163.25,5164.2002,5108.1001,5117.9502,0
7/24/2012,5128.7998,5144,5103.25,5128.2002,0
7/25/2012,5118.3999,5121.6001,5076.6001,5109.6001,0
7/26/2012,5126.2998,5126.2998,5032.3999,5043,0
7/27/2012,5124.2998,5149.9502,5077.5,5099.8501,0
7/30/2012,5129.75,5206.6001,5129.75,5199.7998,0
7/31/2012,5214.8501,5234.5498,5154.0498,5229,0
8/1/2012,5220.7002,5246.3501,5212.6499,5240.5,0
8/2/2012,5233.1001,5236.8999,5209.9502,5227.75,0
8/3/2012,5195.6001,5220.2002,5164.6499,5215.7002,0
8/6/2012,5260.8501,5293.2002,5260.8501,5282.5498,0
8/7/2012,5295.3999,5350.1001,5281.6499,5336.7002,0
8/8/2012,5345.25,5377.6001,5331.0498,5338,0
8/9/2012,5348.2998,5368.2002,5312.1001,5322.9502,0
8/10/2012,5308.2002,5330.1001,5294.1001,5320.3999,0
8/13/2012,5316.3501,5352.4502,5309.0498,5347.8999,0
8/14/2012,5343.25,5387.0498,5328.7998,5380.3501,0
8/16/2012,5385.9502,5390.6499,5356.6499,5362.9502,0
8/17/2012,5368.6001,5399.9502,5341.7002,5366.2998,0
8/21/2012,5368.7002,5425.1499,5368.7002,5421,0
8/22/2012,5395.75,5433.3501,5394.7998,5412.8501,0
8/23/2012,5426.1499,5448.6001,5393.8501,5415.3501,0
8/24/2012,5392.6001,5399.6499,5371,5386.7002,0
8/27/2012,5387.8501,5399.1499,5346.6499,5350.25,0
8/28/2012,5348.0498,5359.25,5312.6001,5334.6001,0
8/29/2012,5343.8501,5345.5,5282.7002,5287.7998,0
8/30/2012,5268.6001,5342.7998,5255.0498,5315.0498,0
8/31/2012,5298.2002,5303.25,5238.8999,5258.5,0
9/3/2012,5276.5,5295.7998,5243.1499,5253.75,0
9/4/2012,5249.1499,5278.3501,5233.2002,5274,0
9/5/2012,5243.8999,5259.5,5215.7002,5225.7002,0
9/6/2012,5217.6499,5260.6001,5217.6499,5238.3999,0
9/7/2012,5309.4502,5347.1499,5309.2002,5342.1001,0
9/10/2012,5361.8999,5375.4502,5349.1001,5363.4502,0
9/11/2012,5336.1001,5393.3501,5332.1001,5390,0
9/12/2012,5404.4502,5435.5498,5393.9502,5431,0
9/13/2012,5435.2002,5447.4502,5421.8501,5435.3501,0
9/14/2012,5528.3501,5586.6499,5526.9502,5577.6499,0
9/17/2012,5631.75,5652.2002,5585.1499,5610,0
9/18/2012,5602.3999,5620.5498,5586.4502,5600.0498,0
9/20/2012,5536.9502,5581.3501,5534.8999,5554.25,0
9/21/2012,5577,5720,5575.4502,5691.1499,0
9/24/2012,5691.9502,5709.8501,5662.75,5669.6001,0
9/25/2012,5674.8999,5702.7002,5652.4502,5673.8999,0
9/26/2012,5653.3999,5672.7998,5638.6499,5663.4502,0
9/27/2012,5673.75,5693.7002,5639.7002,5649.5,0
9/28/2012,5684.7998,5735.1499,5683.4502,5703.2998,0
10/1/2012,5704.75,5722.9502,5694,5718.7998,0
10/3/2012,5727.7002,5743.25,5715.7998,5731.25,0
10/4/2012,5751.5498,5807.25,5751.3501,5787.6001,0
10/5/2012,5815,5815.3501,5706,5746.9502,0
10/8/2012,5751.8501,5751.8501,5666.2002,5676,0
10/9/2012,5708.1499,5728.6499,5677.8999,5704.6001,0
10/10/2012,5671.1499,5686.5,5647.0498,5652.1499,0
10/11/2012,5663.5,5721.1001,5636.9502,5708.0498,0
10/12/2012,5681.7002,5725,5659.3501,5676.0498,0
10/15/2012,5674.25,5693.7002,5651.0498,5687.25,0
10/16/2012,5705.6001,5714,5635.6001,5648,0
10/17/2012,5681.1001,5684.3501,5633.8999,5660.25,0
10/18/2012,5675.2998,5722.5,5650.5498,5718.7002,0
10/19/2012,5703.2998,5711.7002,5660,5684.25,0
10/22/2012,5667.6001,5721.5498,5658.0498,5717.1499,0
10/23/2012,5715.6499,5720.7998,5681.4502,5691.3999,0
10/25/2012,5688.7998,5718.75,5685.7002,5705.2998,0
10/26/2012,5683.5498,5697.2002,5641.75,5664.2998,0
10/29/2012,5665.2002,5698.2998,5645.1001,5665.6001,0
10/30/2012,5656.3501,5689.8999,5589.8999,5597.8999,0
10/31/2012,5596.75,5624.3999,5583.0498,5619.7002,0
11/1/2012,5609.8501,5649.75,5601.9502,5645.0498,0
11/2/2012,5696.3501,5711.2998,5682.5498,5697.7002,0
11/5/2012,5693.0498,5709.2002,5679.5,5704.2002,0
11/6/2012,5694.1001,5730.7998,5693.6499,5724.3999,0
11/7/2012,5718.6001,5777.2998,5711.3999,5760.1001,0
11/8/2012,5709,5744.5,5693.9502,5738.75,0
11/9/2012,5731.1001,5751.7002,5677.75,5686.25,0
11/12/2012,5688.4502,5718.8999,5665.75,5683.7002,0
11/13/2012,5689.7002,5698.25,5660.3501,5666.9502,0
11/15/2012,5650.3501,5651.6499,5603.5498,5631,0
11/16/2012,5624.7998,5650.1499,5559.7998,5574.0498,0
11/19/2012,5577.2998,5592.75,5549.25,5571.3999,0
11/20/2012,5604.7998,5613.7002,5548.3501,5571.5498,0
11/21/2012,5582.5,5620.2002,5561.3999,5614.7998,0
11/22/2012,5628.6001,5643.3501,5608,5627.75,0
11/23/2012,5635.4502,5637.75,5593.5498,5626.6001,0
11/26/2012,5648.6499,5649.2002,5623.4502,5635.8999,0
11/27/2012,5658.5,5733.2002,5658,5727.4502,0
11/29/2012,5736.7002,5833.5,5736.1001,5825,0
11/30/2012,5836,5885.25,5827.8501,5879.8501,0
12/3/2012,5878.25,5899.1499,5854.6001,5870.9502,0
12/4/2012,5866.7998,5894.9502,5859,5889.25,0
12/5/2012,5906.6001,5917.7998,5891.3501,5900.5,0
12/6/2012,5926.2998,5942.5498,5838.8999,5930.8999,0
12/7/2012,5934,5949.8501,5888.6499,5907.3999,0
12/10/2012,5916.0498,5919.9502,5888.1001,5908.8999,0
12/11/2012,5923.7998,5965.1499,5865.4502,5898.7998,0
12/12/2012,5917.7998,5924.6001,5874.25,5888,0
12/13/2012,5900.3501,5907.4502,5841.3501,5851.5,0
12/14/2012,5846.8999,5886.1001,5839.1499,5879.6001,0
12/17/2012,5860.5,5886.0498,5850.1499,5857.8999,0
12/18/2012,5873.6001,5905.7998,5823.1499,5896.7998,0
12/19/2012,5917.2998,5939.3999,5910.7998,5929.6001,0
12/20/2012,5934.4502,5937.6001,5881.4502,5916.3999,0
12/21/2012,5888,5888,5841.6499,5847.7002,0
12/24/2012,5869,5871.8999,5844.7002,5855.75,0
12/26/2012,5864.9502,5917.2998,5859.5498,5905.6001,0
12/27/2012,5930.2002,5930.7998,5864.7002,5870.1001,0
12/28/2012,5887.1499,5915.75,5879.5,5908.3501,0
12/31/2012,5901.2002,5919,5897.1499,5905.1001,0
1/1/2013,5937.6499,5963.8999,5935.2002,5950.8501,0
1/2/2013,5982.6001,6006.0498,5982,5993.25,0
1/3/2013,6015.7998,6017,5986.5498,6009.5,0
1/4/2013,6011.9502,6020.75,5981.5498,6016.1499,0
1/7/2013,6042.1499,6042.1499,5977.1499,5988.3999,0
1/8/2013,5983.4502,6007.0498,5964.3999,6001.7002,0
1/9/2013,6006.2002,6020.1001,5958.4502,5971.5,0
1/10/2013,5998.7998,6005.1499,5947.2998,5968.6499,0
1/11/2013,6012.3999,6018.8501,5940.6001,5951.2998,0
1/14/2013,5967.2002,6036.8999,5962.1499,6024.0498,0
1/15/2013,6037.8501,6068.5,6018.6001,6056.6001,0
1/16/2013,6049,6055.9502,5992.0498,6001.8501,0
1/17/2013,6001.25,6053.2002,5988.1001,6039.2002,0
1/18/2013,6059.8501,6083.3999,6048.2998,6064.3999,0
1/21/2013,6085.75,6094.3501,6065.1001,6082.2998,0
1/22/2013,6080.1499,6101.2998,6040.5,6048.5,0
1/23/2013,6052.8501,6069.7998,6021.1499,6054.2998,0
1/24/2013,6046.2002,6065.2998,6007.8501,6019.3501,0
1/25/2013,6024.5,6080.5498,6014.4502,6074.6499,0
1/28/2013,6082.1001,6088.3999,6061.3999,6074.7998,0
1/29/2013,6064.7002,6111.7998,6042.4502,6049.8999,0
1/30/2013,6065,6071.9502,6044.1499,6055.75,0
1/31/2013,6045.6499,6058.0498,6025.1499,6034.75,0
2/1/2013,6040.9502,6052.9502,5983.2002,5998.8999,0
2/4/2013,6025.2002,6038.5,5981.25,5987.25,0
2/5/2013,5948.2002,5970.3501,5946.8999,5956.8999,0
2/6/2013,5988.0498,5990.8999,5953.1499,5959.2002,0
2/7/2013,5936.4502,5978.5,5927.6001,5938.7998,0
2/8/2013,5929.1001,5953.7002,5883.6499,5903.5,0
2/11/2013,5920.0498,5924.1499,5879.1001,5897.8501,0
2/12/2013,5894.3501,5927.6499,5886.4502,5922.5,0
2/13/2013,5943.1499,5969.5,5922.9502,5932.9502,0
2/14/2013,5933.2002,5940.2002,5884.5498,5896.9502,0
2/15/2013,5869.9502,5899.9502,5853.8999,5887.3999,0
2/18/2013,5888.6499,5911,5878.4502,5898.2002,0
2/19/2013,5900.2002,5947.5498,5883.1499,5939.7002,0
2/20/2013,5966.2998,5971,5937.5498,5943.0498,0
2/21/2013,5909.6499,5921.1499,5844.3999,5852.25,0
2/22/2013,5837.9502,5873.7998,5835.7998,5850.2998,0
2/25/2013,5870.5498,5878.3999,5825,5854.75,0
2/26/2013,5838.2998,5838.8501,5748.6001,5761.3501,0
2/27/2013,5784.8999,5818.2002,5749.7002,5796.8999,0
2/28/2013,5834.3501,5849.8999,5671.8999,5693.0498,0
3/1/2013,5702.4502,5739.4502,5679.8999,5719.7002,0
3/4/2013,5704.7002,5712,5663.6001,5698.5,0
3/5/2013,5722.4502,5790.1001,5722.3999,5784.25,0
3/6/2013,5816.3999,5828.7002,5795.0498,5818.6001,0
3/7/2013,5801.2998,5878,5801.2998,5863.2998,0
3/8/2013,5883.6499,5952.8501,5883,5945.7002,0
3/11/2013,5946.1001,5971.2002,5930.3501,5942.3501,0
3/12/2013,5944.6001,5952,5893.6499,5914.1001,0
3/13/2013,5884.7998,5893.8501,5842.25,5851.2002,0
3/14/2013,5845.9502,5920.1499,5791.75,5908.9502,0
3/15/2013,5914.8999,5945.6499,5861,5872.6001,0
3/18/2013,5816.75,5850.2002,5814.3501,5835.25,0
3/19/2013,5859.5,5863.6001,5724.2998,5745.9502,0
3/20/2013,5740.5498,5745.2998,5682.2998,5694.3999,0
3/21/2013,5705.8999,5757.75,5647.9502,5658.75,0
3/22/2013,5659.7998,5691.4502,5631.7998,5651.3501,0
3/25/2013,5707.2998,5718.3999,5624.3999,5633.8501,0
3/26/2013,5613.75,5655.2998,5612.0498,5641.6001,0
3/28/2013,5647.75,5692.9502,5604.8501,5682.5498,0
4/1/2013,5697.3501,5720.9502,5675.8999,5704.3999,0
4/2/2013,5701.7002,5754.6001,5687.1499,5748.1001,0
4/3/2013,5740.2002,5744.9502,5650.1001,5672.8999,0
4/4/2013,5640.6499,5644.4502,5565.6499,5574.75,0
4/5/2013,5568.1001,5577.2998,5534.7002,5553.25,0
4/8/2013,5550.5,5569.2002,5537.0498,5542.9502,0
4/9/2013,5568.75,5603.0498,5487,5495.1001,0
4/10/2013,5536.25,5569.25,5477.2002,5558.7002,0
4/11/2013,5601.6499,5610.6499,5542.8501,5594,0
4/12/2013,5520.7002,5544.5,5494.8999,5528.5498,0
4/15/2013,5508.5,5592.8501,5500.2998,5568.3999,0
4/16/2013,5562.4502,5699.25,5555.8501,5688.9502,0
4/17/2013,5708.6499,5732.1499,5669,5688.7002,0
4/18/2013,5682.7002,5794.3501,5681.8501,5783.1001,0
4/22/2013,5789.8501,5844.8501,5789.7998,5834.3999,0
4/23/2013,5843.1001,5844.2998,5791.5498,5836.8999,0
4/25/2013,5856.1001,5924.6001,5853.2998,5916.2998,0
4/26/2013,5899.75,5907.0498,5860.5,5871.4502,0
4/29/2013,5877.6001,5918.6499,5868.7998,5904.1001,0
4/30/2013,5932.6001,5962.2998,5867.7998,5930.2002,0
5/2/2013,5911.3999,6019.4502,5910.9502,5999.3501,0
5/3/2013,5993.5,6000.2998,5930.1499,5944,0
5/6/2013,5944.8999,5976.5,5928.4502,5971.0498,0
5/7/2013,5983.4502,6050.5,5982.9502,6043.5498,0
5/8/2013,6064.1499,6083.5498,6024.9502,6069.2998,0
5/9/2013,6078.3501,6084.7002,6040.4502,6050.1499,0
5/10/2013,6046.25,6105.2998,6045.6001,6094.75,0
5/13/2013,6098.2002,6104.9502,5972.8999,5980.4502,0
5/14/2013,5989.7002,6026.2002,5970.0498,5995.3999,0
5/15/2013,6018.8501,6157.1001,6018.8501,6146.75,0
5/16/2013,6128.25,6187.2998,6128.25,6169.8999,0
5/17/2013,6172.9502,6199.9502,6146.1499,6187.2998,0
5/20/2013,6198,6229.4502,6146.0498,6156.8999,0
5/21/2013,6152.3501,6180.25,6102.3501,6114.1001,0
5/22/2013,6127.0498,6147.6001,6074.4502,6094.5,0
5/23/2013,6050.3999,6081.4502,5955.7002,5967.0498,0
5/24/2013,6010.7002,6015.2998,5936.7998,5983.5498,0
5/27/2013,5989.3999,6099.8999,5975.5498,6083.1499,0
5/28/2013,6086.3501,6127.6499,6055.3999,6111.25,0
5/29/2013,6120.4502,6125.0498,6069.7998,6104.2998,0
5/30/2013,6072.1499,6133.75,6072.1499,6124.0498,0
5/31/2013,6098.7002,6106.25,5975.5498,5985.9502,0
6/3/2013,5997.3501,6011,5916.3501,5939.2998,0
6/4/2013,5941.1001,5981.6001,5910.25,5919.4502,0
6/5/2013,5908.2998,5935.2002,5883.7002,5923.8501,0
6/6/2013,5895,5956.5498,5869.5,5921.3999,0
6/7/2013,5900.0498,5972.7002,5871.2998,5881,0
6/10/2013,5907.8999,5931.6499,5857.3999,5878,0
6/11/2013,5848.75,5868.0498,5780.3501,5788.7998,0
6/12/2013,5771.75,5792.8999,5738.6001,5760.2002,0
6/13/2013,5709.3501,5729.8501,5683.1001,5699.1001,0
6/14/2013,5748.9502,5819.3999,5739.3999,5808.3999,0
6/17/2013,5820.3999,5854.8999,5770.25,5850.0498,0
6/18/2013,5841.8999,5863.3999,5804.2998,5813.6001,0
6/19/2013,5805.75,5828.3999,5777.8999,5822.25,0
6/20/2013,5754.1499,5755,5645.6499,5655.8999,0
6/21/2013,5639.8999,5686.1499,5616.8501,5667.6499,0
6/24/2013,5638.0498,5640,5566.25,5590.25,0
6/25/2013,5606.9502,5666.25,5570.25,5609.1001,0
6/26/2013,5627.9502,5635.25,5579.3501,5588.7002,0
6/27/2013,5647.9502,5699.3501,5630.9502,5682.3501,0
6/28/2013,5749.5,5852.9502,5749.5,5842.2002,0
7/1/2013,5834.1001,5904.3501,5822.2002,5898.8501,0
7/2/2013,5885.5,5898.7998,5852.2998,5857.5498,0
7/3/2013,5811.9502,5815,5760.3999,5770.8999,0
7/4/2013,5794.75,5848.2002,5786.0498,5836.9502,0
7/5/2013,5889.9502,5900.4502,5858.4502,5867.8999,0
7/8/2013,5833.1499,5833.8501,5775.5498,5811.5498,0
7/9/2013,5834.6001,5864.9502,5834.6001,5859,0
7/10/2013,5869.8999,5879.3501,5802.8501,5816.7002,0
7/11/2013,5894.5,5948.8501,5887.9502,5935.1001,0
7/12/2013,6000.5,6019,5951.1499,6009,0
7/15/2013,5991.2002,6038.2002,5980.9502,6030.7998,0
7/16/2013,5930.7998,5966.0498,5910.9502,5955.25,0
7/17/2013,5972.25,5989.7998,5926.75,5973.2998,0
7/18/2013,5984.7002,6051.1001,5974.5498,6038.0498,0
7/19/2013,6057.2002,6066.8501,6020.25,6029.2002,0
7/22/2013,6009.75,6064.1499,6004.25,6031.7998,0
7/23/2013,6064.2998,6093.3501,6061.2998,6077.7998,0
7/24/2013,6032.2002,6047.25,5962.6001,5990.5,0
7/25/2013,5970.3999,5990.6499,5896.3999,5907.5,0
7/26/2013,5937.9502,5944.5,5869.5,5886.2002,0
7/29/2013,5869.9502,5886,5825.7998,5831.6499,0
7/30/2013,5836.0498,5861.2998,5747.6001,5755.0498,0
7/31/2013,5738.3501,5752.1001,5675.75,5742,0
8/1/2013,5776.8999,5808.5,5676.8501,5727.8501,0
8/2/2013,5750.0498,5761.8501,5649,5677.8999,0
8/5/2013,5682.3999,5721,5661.5,5685.3999,0
8/6/2013,5664.8999,5664.8999,5521.7998,5542.25,0
8/7/2013,5549.2998,5561.4502,5486.8501,5519.1001,0
8/8/2013,5510.0498,5577.6001,5510.0498,5565.6499,0
8/12/2013,5606.7002,5644.1001,5557.1001,5612.3999,0
8/13/2013,5600.25,5704.75,5578.8999,5699.2998,0
8/14/2013,5715.3999,5754.5498,5690.2002,5742.2998,0
8/16/2013,5705.4502,5716.6001,5496.0498,5507.8501,0
8/19/2013,5497.5498,5499.6499,5360.6499,5414.75,0
8/20/2013,5353.4502,5417.7998,5306.3501,5401.4502,0
8/21/2013,5494.4502,5504.1001,5268.4502,5302.5498,0
8/22/2013,5282.7998,5418.9502,5254.0498,5408.4502,0
8/23/2013,5428.75,5478.7998,5377.7998,5471.75,0
8/26/2013,5499.3999,5528.7002,5454.4502,5476.5,0
8/27/2013,5426.5,5427.3999,5274.25,5287.4502,0
8/28/2013,5233.4502,5317.7002,5118.8501,5285,0
8/29/2013,5316.5,5428.8999,5303,5409.0498,0
8/30/2013,5407.4502,5493.2998,5360.2002,5471.7998,0
9/2/2013,5480.25,5564.8999,5478.8501,5550.75,0
9/3/2013,5574.7002,5580.9502,5323.75,5341.4502,0
9/4/2013,5358.6499,5460.25,5318.8999,5448.1001,0
9/5/2013,5553.75,5625.75,5552.7002,5592.9502,0
9/6/2013,5617.4502,5688.6001,5566.1499,5680.3999,0
9/10/2013,5738.5,5904.8501,5738.2002,5896.75,0
9/11/2013,5887.25,5924.3501,5832.7002,5913.1499,0
9/12/2013,5931.1499,5932,5815.7998,5850.7002,0
9/13/2013,5828,5884.2998,5822.8999,5850.6001,0
9/16/2013,5930.2998,5957.25,5798.1499,5840.5498,0
9/17/2013,5824.2002,5857.7998,5804.8999,5850.2002,0
9/18/2013,5872.75,5916.8999,5840.2002,5899.4502,0
9/19/2013,6044.1499,6142.5,6040.1499,6115.5498,0
9/20/2013,6104.5498,6130.9502,5932.8501,6012.1001,0
9/23/2013,5945.7998,5989.3999,5871.3999,5889.75,0
9/24/2013,5855,5938.3999,5854.5498,5892.4502,0
9/25/2013,5901.5498,5910.5498,5811.1001,5873.8501,0
9/26/2013,5872.7998,5917.6499,5864.1001,5882.25,0
9/27/2013,5905.5498,5909.2002,5819.2998,5833.2002,0
9/30/2013,5801.0498,5810.2002,5718.5,5735.2998,0
10/1/2013,5756.1001,5786.4502,5700.9502,5780.0498,0
10/3/2013,5819.1001,5917.6001,5802.7002,5909.7002,0
10/4/2013,5891.2998,5950.4502,5885,5907.2998,0
10/7/2013,5889.0498,5912,5825.8501,5906.1499,0
10/8/2013,5975,5981.7002,5913,5928.3999,0
10/9/2013,5893.25,6015.5,5877.1001,6007.4502,0
10/10/2013,6001.0498,6033.9502,5979.7998,6020.9502,0
10/11/2013,6104.8501,6107.6001,6046.3999,6096.2002,0
10/14/2013,6093,6124.1001,6082.8999,6112.7002,0
10/15/2013,6147.5498,6156.2998,6056.5498,6089.0498,0
10/17/2013,6098.5,6110.75,6032.5498,6045.8501,0
10/18/2013,6070.8999,6201.4502,6070.8999,6189.3501,0
10/21/2013,6202,6218.9502,6163.2998,6204.9502,0
10/22/2013,6192.2998,6220.1001,6181.7998,6202.7998,0
10/23/2013,6209.5498,6217.9502,6116.6001,6178.3501,0
10/24/2013,6162.7998,6252.4502,6142.9502,6164.3501,0
10/25/2013,6154,6174.75,6125.9502,6144.8999,0
10/28/2013,6155.1001,6168.75,6094.1001,6101.1001,0
10/29/2013,6107.5498,6228.0498,6079.2002,6220.8999,0
10/30/2013,6230.7998,6269.2002,6222.6001,6251.7002,0
10/31/2013,6237.1499,6309.0498,6235.8999,6299.1499,0
11/1/2013,6289.75,6332.6001,6286.9502,6307.2002,0
11/5/2013,6282.1499,6304.75,6244.2998,6253.1499,0
11/6/2013,6260.5498,6269.7002,6208.7002,6215.1499,0
11/7/2013,6228.8999,6288.9502,6180.7998,6187.25,0
11/8/2013,6170.1499,6185.1499,6120.9502,6140.75,0
11/11/2013,6110.3999,6141.6499,6067.75,6078.7998,0
11/12/2013,6087.25,6108.7002,6011.75,6018.0498,0
11/13/2013,5998.8501,6042.25,5972.4502,5989.6001,0
11/14/2013,6037,6101.6499,6036.6499,6056.1499,0
11/18/2013,6111.0498,6196.7998,6110.3999,6189,0
11/19/2013,6197.25,6212.3999,6180.2002,6203.3501,0
11/20/2013,6186.8501,6204.3501,6106.9502,6122.8999,0
11/21/2013,6096.5,6097.3501,5985.3999,5999.0498,0
11/22/2013,6027.3501,6049.6001,5972.7998,5995.4502,0
11/25/2013,6035.9502,6123.5,6035.9502,6115.3501,0
11/26/2013,6099.25,6112.7002,6047.75,6059.1001,0
11/27/2013,6062.7002,6074,6030.2998,6057.1001,0
11/28/2013,6092,6112.9502,6068.2998,6091.8501,0
11/29/2013,6103.8999,6182.5,6103.7998,6176.1001,0
12/2/2013,6171.1499,6228.7002,6171.1499,6217.8501,0
12/3/2013,6204.25,6225.3999,6191.3999,6201.8501,0
12/4/2013,6187.9502,6209.1499,6149.8999,6160.9502,0
12/5/2013,6262.4502,6300.5498,6232,6241.1001,0
12/6/2013,6234.3999,6275.3501,6230.75,6259.8999,0
12/9/2013,6415,6415.25,6345,6363.8999,0
12/10/2013,6354.7002,6362.25,6307.5498,6332.8501,0
12/11/2013,6307.2002,6326.6001,6280.25,6307.8999,0
12/12/2013,6276.75,6286.8501,6230.5498,6237.0498,0
12/13/2013,6201.2998,6208.6001,6161.3999,6168.3999,0
12/16/2013,6168.3501,6183.25,6146.0498,6154.7002,0
12/17/2013,6178.2002,6190.5498,6133,6139.0498,0
12/18/2013,6129.9502,6236,6129.9502,6217.1499,0
12/19/2013,6253.8999,6263.75,6150.7002,6166.6499,0
12/20/2013,6179.9502,6284.5,6170.3501,6274.25,0
12/23/2013,6267.2002,6317.5,6266.9502,6284.5,0
12/24/2013,6296.4502,6301.5,6262,6268.3999,0
12/26/2013,6270.1001,6302.75,6259.4502,6278.8999,0
12/27/2013,6292.7998,6324.8999,6289.3999,6313.7998,0
12/30/2013,6336.3999,6344.0498,6273.1499,6291.1001,0
12/31/2013,6307.3501,6317.2998,6287.2998,6304,0
1/1/2014,6323.7998,6327.2002,6298.25,6301.6499,0
1/2/2014,6301.25,6358.2998,6211.2998,6221.1499,0
1/3/2014,6194.5498,6221.7002,6171.25,6211.1499,0
1/6/2014,6220.8501,6224.7002,6170.25,6191.4502,0
1/7/2014,6203.8999,6221.5,6144.75,6162.25,0
1/8/2014,6178.0498,6192.1001,6160.3501,6174.6001,0
1/9/2014,6181.7002,6188.0498,6148.25,6168.3501,0
1/10/2014,6178.8501,6239.1001,6139.6001,6171.4502,0
1/13/2014,6189.5498,6288.2002,6189.5498,6272.75,0
1/14/2014,6260.25,6280.3501,6234.1499,6241.8501,0
1/15/2014,6265.9502,6325.2002,6265.2998,6320.8999,0
1/16/2014,6341.3501,6346.5,6299.8501,6318.8999,0
1/17/2014,6306.25,6327.1001,6246.3501,6261.6499,0
1/20/2014,6261.75,6307.4502,6243.3501,6303.9502,0
1/21/2014,6320.1499,6330.2998,6297.8999,6313.7998,0
1/22/2014,6309.0498,6349.9502,6287.4502,6338.9502,0
1/23/2014,6325.9502,6355.6001,6316.3999,6345.6499,0
1/24/2014,6301.6499,6331.4502,6263.8999,6266.75,0
1/27/2014,6186.2998,6188.5498,6130.25,6135.8501,0
1/28/2014,6131.8501,6163.6001,6085.9502,6126.25,0
1/29/2014,6161,6170.4502,6109.7998,6120.25,0
1/30/2014,6067,6082.8501,6027.25,6073.7002,0
1/31/2014,6082.75,6097.8501,6067.3501,6089.5,0
2/3/2014,6058.7998,6074.8501,5994.4502,6001.7998,0
2/4/2014,5947.6001,6017.7998,5933.2998,6000.8999,0
2/5/2014,6004.25,6028.0498,5962.0498,6022.3999,0
2/6/2014,6028.3501,6048.3501,5965.3999,6036.2998,0
2/7/2014,6077.6499,6079.9502,6030.8999,6063.2002,0
2/10/2014,6072.7998,6083.0498,6046.3999,6053.4502,0
2/11/2014,6072.4502,6081.8501,6053.25,6062.7002,0
2/12/2014,6085.3501,6106.6001,6077.3999,6084,0
2/13/2014,6087.5498,6094.3999,5991.1001,6001.1001,0
2/14/2014,6023.75,6056.3999,5984.6001,6048.3501,0
2/17/2014,6057.1001,6080.6499,6038.2998,6073.2998,0
2/18/2014,6071.2998,6141.7002,6066.7998,6127.1001,0
2/19/2014,6132.0498,6160.3501,6125.75,6152.75,0
2/20/2014,6127.1499,6129.1001,6086.4502,6091.4502,0
2/21/2014,6108.2998,6159.6499,6108,6155.4502,0
2/24/2014,6140.9502,6191.8501,6130.7998,6186.1001,0
2/25/2014,6205.7002,6216.8501,6176.6001,6200.0498,0
2/26/2014,6202.4502,6245.9502,6202.1001,6238.7998,0
2/28/2014,6228.4502,6282.7002,6228.1001,6276.9502,0
3/3/2014,6264.3501,6277.75,6212.25,6221.4502,0
3/4/2014,6216.75,6302.1499,6215.7002,6297.9502,0
3/5/2014,6328.4502,6336.25,6287.7998,6328.6499,0
3/6/2014,6344.75,6406.6001,6339.7002,6401.1499,0
3/7/2014,6413.9502,6537.7998,6413.5498,6526.6499,0
3/10/2014,6491.7002,6562.2002,6487.3501,6537.25,0
3/11/2014,6537.3501,6562.8501,6494.25,6511.8999,0
3/12/2014,6497.5,6546.1499,6487.2998,6516.8999,0
3/13/2014,6491.75,6561.4502,6476.6499,6493.1001,0
3/14/2014,6447.25,6518.4502,6432.7002,6504.2002,0
3/18/2014,6532.4502,6574.9502,6497.6499,6516.6499,0
3/19/2014,6530,6541.2002,6506,6524.0498,0
3/20/2014,6508.3501,6523.6499,6473.25,6483.1001,0
3/21/2014,6515.2002,6522.8999,6485.7002,6493.2002,0
3/24/2014,6510.5,6591.5,6510.5,6583.5,0
3/25/2014,6550.1001,6595.5498,6544.8501,6589.75,0
3/26/2014,6615.6499,6627.4502,6580.6001,6601.3999,0
3/27/2014,6613.1001,6673.9502,6599.5,6641.75,0
3/28/2014,6673.0498,6702.6001,6643.7998,6695.8999,0
3/31/2014,6723.1499,6730.0498,6662.3999,6704.2002,0
4/1/2014,6729.5,6732.25,6675.4502,6721.0498,0
4/2/2014,6757.6001,6763.5,6723.6001,6752.5498,0
4/3/2014,6772.0498,6776.75,6696.8999,6736.1001,0
4/4/2014,6741.8501,6741.8501,6685.1499,6694.3501,0
4/7/2014,6694.25,6725.1499,6650.3999,6695.0498,0
4/9/2014,6722,6808.7002,6705.1001,6796.2002,0
4/10/2014,6803.0498,6819.0498,6777.2998,6796.3999,0
4/11/2014,6758.3501,6789.3501,6743.1499,6776.2998,0
4/15/2014,6792.7002,6813.3999,6711.75,6733.1001,0
4/16/2014,6727.25,6748.6499,6665.1499,6675.2998,0
4/17/2014,6695.4502,6783.0498,6684.3999,6779.3999,0
4/21/2014,6789.25,6825.4502,6786.8999,6817.6499,0
4/22/2014,6822.8999,6838,6806.25,6815.3501,0
4/23/2014,6823.25,6861.6001,6820.75,6840.7998,0
4/25/2014,6855.7998,6869.8501,6772.8501,6782.75,0
4/28/2014,6778.5498,6786.25,6750.2998,6761.25,0
4/29/2014,6769,6779.7002,6708.6499,6715.25,0
4/30/2014,6724.9502,6780.1499,6656.7998,6696.3999,0
5/2/2014,6709.9502,6737.6499,6689.5,6694.7998,0
5/5/2014,6681.6499,6741.0498,6680.4502,6699.3501,0
5/6/2014,6719.25,6743.4502,6701.8999,6715.2998,0
5/7/2014,6708.6001,6718.75,6642.8999,6652.5498,0
5/8/2014,6669.8999,6688.3999,6638.5498,6659.8501,0
5/9/2014,6654.1499,6871.3501,6652.1499,6858.7998,0
5/12/2014,6863.3999,7020.0498,6862.8999,7014.25,0
5/13/2014,7080,7172.3501,7067.1499,7108.75,0
5/14/2014,7112,7142.25,7080.8999,7108.75,0
5/15/2014,7111.2998,7152.5498,7082.5498,7123.1499,0
5/16/2014,7270.2002,7563.5,7130.6499,7203,0
5/19/2014,7276.8501,7291.1001,7193.5498,7263.5498,0
5/20/2014,7309.9502,7353.6499,7247.7002,7275.5,0
5/21/2014,7274.8501,7287.1499,7206.7002,7252.8999,0
5/22/2014,7289.9502,7319.5498,7258.1499,7276.3999,0
5/23/2014,7306.5,7381,7293.8999,7367.1001,0
5/26/2014,7428.75,7504,7269.0498,7359.0498,0
5/27/2014,7363.1001,7372.9502,7274.75,7318,0
5/28/2014,7324.9502,7344.75,7302.6001,7329.6499,0
5/29/2014,7316.6001,7325.3999,7224.3999,7235.6499,0
5/30/2014,7254.8501,7272.5,7118.4502,7229.9502,0
6/2/2014,7264.0498,7368.6001,7239.5,7362.5,0
6/3/2014,7375.3501,7424.9502,7342.1499,7415.8501,0
6/4/2014,7417.5498,7433.2998,7391.3501,7402.25,0
6/5/2014,7399.75,7484.7002,7360.5,7474.1001,0
6/6/2014,7521.5,7592.7002,7497.6499,7583.3999,0
6/9/2014,7621.6499,7673.7002,7580.25,7654.6001,0
6/10/2014,7679.0498,7683.2002,7579.2998,7656.3999,0
6/11/2014,7672.3999,7700.0498,7589.0498,7626.8501,0
6/12/2014,7641.2998,7658,7593.7998,7649.8999,0
6/13/2014,7668.2002,7678.5,7525.3501,7542.1001,0
6/16/2014,7534.7998,7548.6001,7487.5498,7533.5498,0
6/17/2014,7525.0498,7637.6001,7509.25,7631.7002,0
6/18/2014,7636.0498,7663,7515.5,7558.2002,0
6/19/2014,7580.0498,7606.4502,7502.5498,7540.7002,0
6/20/2014,7543.2998,7560.5498,7497.2998,7511.4502,0
6/23/2014,7514,7534.7998,7441.6001,7493.3501,0
6/24/2014,7515.2002,7593.3501,7515.2002,7580.2002,0
6/25/2014,7588.5498,7589.25,7557.0498,7569.25,0
6/26/2014,7554.1001,7570.2002,7481.2998,7493.2002,0
6/27/2014,7514.2002,7538.75,7482.2998,7508.7998,0
6/30/2014,7534.0498,7623.6499,7531.6001,7611.3501,0
7/1/2014,7629,7649.5,7618.1499,7634.7002,0
7/2/2014,7683.0498,7732.3999,7677.2998,7725.1499,0
7/3/2014,7734.3501,7754.6499,7706.7998,7714.7998,0
7/4/2014,7718.1001,7758,7661.2998,7751.6001,0
7/7/2014,7780.3999,7792,7755.1001,7787.1499,0
7/8/2014,7804.0498,7808.8501,7595.8999,7623.2002,0
7/9/2014,7637.9502,7650.1001,7551.6499,7585,0
7/10/2014,7589.5,7731.0498,7479.0498,7567.75,0
7/11/2014,7584.1001,7625.8501,7447.2002,7459.6001,0
7/14/2014,7469,7478.4502,7422.1499,7454.1499,0
7/15/2014,7491.2998,7534.8999,7459.1499,7526.6499,0
7/16/2014,7564.1499,7640.1001,7532.4502,7624.3999,0
7/17/2014,7612.7002,7655.6499,7612.7002,7640.4502,0
7/18/2014,7630.25,7685,7595.5,7663.8999,0
7/21/2014,7701.6499,7722.1001,7674,7684.2002,0
7/22/2014,7708.2002,7773.8501,7704.7998,7767.8501,0
7/23/2014,7794.8999,7809.2002,7752.8999,7795.75,0
7/24/2014,7796.25,7835.6499,7771.6499,7830.6001,0
7/25/2014,7828.2002,7840.9502,7748.6001,7790.4502,0
7/28/2014,7792.8999,7799.8999,7722.6499,7748.7002,0
7/30/2014,7746.2002,7798.7002,7707.6001,7791.3999,0
7/31/2014,7784.6499,7791.8501,7711.1499,7721.2998,0
8/1/2014,7662.5,7716.7002,7593.8999,7602.6001,0
8/4/2014,7639.5498,7694.7998,7622.0498,7683.6499,0
8/5/2014,7706.6499,7752.4502,7638.0498,7746.5498,0
8/6/2014,7726.1499,7740.9502,7658.9502,7672.0498,0
8/7/2014,7651.1499,7708.9502,7630.3999,7649.25,0
8/8/2014,7588.7002,7592.4502,7540.1001,7568.5498,0
8/11/2014,7619.8501,7635.5498,7598.6001,7625.9502,0
8/12/2014,7688.7998,7735.75,7654.7998,7727.0498,0
8/13/2014,7717.2998,7757.1001,7695.7002,7739.5498,0
8/14/2014,7756.1499,7796.7002,7739.1001,7791.7002,0
8/18/2014,7785.25,7880.5,7779.2002,7874.25,0
8/19/2014,7901,7918.5498,7881.1499,7897.5,0
8/20/2014,7915.7998,7922.7002,7864.0498,7875.2998,0
8/21/2014,7875.3501,7919.6499,7855.9502,7891.1001,0
8/22/2014,7904.5498,7929.0498,7900.0498,7913.2002,0
8/25/2014,7931.75,7968.25,7897.9502,7906.2998,0
8/26/2014,7874.5,7915.4502,7862.4502,7904.75,0
8/27/2014,7933.8999,7946.8501,7916.5498,7936.0498,0
8/28/2014,7942.25,7967.7998,7939.2002,7954.3501,0
9/1/2014,7990.3501,8035,7984,8027.7002,0
9/2/2014,8038.6001,8101.9502,8036.5498,8083.0498,0
9/3/2014,8110.8501,8141.8999,8092.25,8114.6001,0
9/4/2014,8114.2002,8114.7998,8060.8999,8095.9502,0
9/5/2014,8099.8999,8122.7002,8049.8501,8086.8501,0
9/8/2014,8132.9502,8180.2002,8126.1499,8173.8999,0
9/9/2014,8161.8999,8174.5498,8126.5,8152.9502,0
9/10/2014,8135.5498,8135.75,8082.1001,8094.1001,0
9/11/2014,8115.1499,8127.9502,8057.2998,8085.7002,0
9/12/2014,8087.0498,8114.2998,8071.6001,8105.5,0
9/15/2014,8070.3501,8077.2998,8030,8042,0
9/16/2014,8036.6001,8044.8999,7925.1499,7932.8999,0
9/17/2014,7971.5,7990.6499,7936.9502,7975.5,0
9/18/2014,7950.6499,8120.8501,7939.7002,8114.75,0
9/19/2014,8129.3999,8160.8999,8105.3501,8121.4502,0
9/22/2014,8084.4502,8159.8999,8064.7998,8146.2998,0
9/23/2014,8144.3999,8159.75,8008.1001,8017.5498,0
9/24/2014,8015.5498,8042.0498,7950.0498,8002.3999,0
9/25/2014,8003.2998,8019.2998,7877.3501,7911.8501,0
9/26/2014,7885.8501,7993.2998,7841.7998,7968.8501,0
9/29/2014,7978.4502,7991.75,7934.7002,7958.8999,0
9/30/2014,7948.7998,8030.8999,7923.8501,7964.7998,0
10/1/2014,7960.5,7977.5,7936.7002,7945.5498,0
10/7/2014,7897.3999,7943.0498,7842.7002,7852.3999,0
10/8/2014,7828.75,7869.8999,7815.75,7842.7002,0
10/9/2014,7886.5,7972.3501,7886.5,7960.5498,0
10/10/2014,7911,7924.0498,7848.4502,7859.9502,0
10/13/2014,7831,7901.1499,7796,7884.25,0
10/14/2014,7923.25,7928,7825.4502,7864,0
10/16/2014,7837.2998,7893.8999,7729.6499,7748.2002,0
10/17/2014,7733.75,7819.2002,7723.8501,7779.7002,0
10/20/2014,7896.9502,7905.9502,7856.9502,7879.3999,0
10/21/2014,7906.1499,7936.6001,7874.3501,7927.75,0
10/22/2014,7997.7998,8005,7974.5498,7995.8999,0
10/23/2014,8027.7002,8031.75,8008.8501,8014.5498,0
10/27/2014,8064.3501,8064.3999,7985.6499,7991.7002,0
10/28/2014,8002.3999,8037.7998,7995.0498,8027.6001,0
10/29/2014,8077.0498,8097.9502,8052.25,8090.4502,0
10/30/2014,8085.2002,8181.5498,8085.2002,8169.2002,0
10/31/2014,8200.7998,8330.75,8198.0498,8322.2002,0
11/3/2014,8348.1504,8350.5996,8297.6504,8324.1504,0
11/5/2014,8351.25,8365.5498,8323.5,8338.2998,0
11/7/2014,8331.8496,8360.3496,8290.25,8337,0
11/10/2014,8337.7998,8383.0498,8304.4502,8344.25,0
11/11/2014,8354.0996,8378.7002,8321.8496,8362.6504,0
11/12/2014,8378.9004,8415.0498,8370.5,8383.2998,0
11/13/2014,8405.25,8408,8320.3496,8357.8496,0
11/14/2014,8360.7002,8400.6504,8346.7998,8389.9004,0
11/17/2014,8378.4004,8438.0996,8349.0996,8430.75,0
11/18/2014,8441.25,8454.5,8407.25,8425.9004,0
11/19/2014,8440.6504,8455.6504,8360.5,8382.2998,0
11/20/2014,8406.5,8410.8496,8353.1504,8401.9004,0
11/21/2014,8408.2002,8489.7998,8398.5996,8477.3496,0
11/24/2014,8490.9502,8534.6504,8490.7998,8530.1504,0
11/25/2014,8530.7998,8535.3496,8429.4502,8463.0996,0
11/26/2014,8450.2998,8500.2998,8438.6504,8475.75,0
11/27/2014,8477.7998,8506.75,8456.3496,8494.2002,0
11/28/2014,8516.7998,8617,8516.25,8588.25,0
12/1/2014,8605.0996,8623,8545.1504,8555.9004,0
12/2/2014,8535.4502,8560.2002,8504.6504,8524.7002,0
12/3/2014,8528.7002,8546.9502,8508.3496,8537.6504,0
12/4/2014,8582.4004,8626.9502,8526.4004,8564.4004,0
12/5/2014,8584.25,8588.3496,8523.9004,8538.2998,0
12/8/2014,8538.6504,8546.3496,8432.25,8438.25,0
12/9/2014,8439.2998,8444.5,8330.5,8340.7002,0
12/10/2014,8318.0498,8376.7998,8317,8355.6504,0
12/11/2014,8338.8496,8348.2998,8272.4004,8292.9004,0
12/12/2014,8302,8321.9004,8216.2998,8224.0996,0
12/15/2014,8160.75,8242.4004,8152.5,8219.5996,0
12/16/2014,8172.6001,8189.3501,8052.6001,8067.6001,0
12/17/2014,8041.2002,8082,7961.3501,8029.7998,0
12/18/2014,8138.8999,8174.2998,8084.8999,8159.2998,0
12/19/2014,8230.4502,8263.4502,8208.5996,8225.2002,0
12/22/2014,8255,8330.9502,8228.2002,8324,0
12/23/2014,8324.5996,8364.75,8252.8496,8267,0
12/24/2014,8272.0498,8286.4004,8155.25,8174.1001,0
12/26/2014,8204.7998,8234.5498,8147.9502,8200.7002,0
12/29/2014,8214.7002,8279.1504,8214.7002,8246.2998,0
12/30/2014,8260.2998,8268.25,8220.5498,8248.25,0
12/31/2014,8243.9004,8291,8243.75,8282.7002,0
1/1/2015,8272.7998,8294.7002,8248.75,8284,0
1/2/2015,8288.7002,8410.5996,8288.7002,8395.4502,0
1/5/2015,8407.9502,8445.5996,8363.9004,8378.4004,0
1/6/2015,8325.2998,8327.8496,8111.3501,8127.3501,0
1/7/2015,8118.6499,8151.2002,8065.4502,8102.1001,0
1/8/2015,8191.3999,8243.5,8167.2998,8234.5996,0
1/9/2015,8285.4502,8303.2998,8190.7998,8284.5,0
1/12/2015,8291.3496,8332.5996,8245.5996,8323,0
1/13/2015,8346.1504,8356.6504,8267.9004,8299.4004,0
1/14/2015,8307.25,8326.4502,8236.6504,8277.5498,0
1/15/2015,8424.5,8527.0996,8380.5498,8494.1504,0
1/16/2015,8504.0498,8530.75,8452.25,8513.7998,0
1/19/2015,8550.0498,8570.9502,8531.5,8550.7002,0
1/20/2015,8575.0996,8707.9004,8574.5,8695.5996,0
1/21/2015,8719.6504,8741.8496,8689.5996,8729.5,0
1/22/2015,8745.8496,8774.1504,8727,8761.4004,0
1/23/2015,8827.9502,8866.4004,8795.4004,8835.5996,0
1/27/2015,8871.3496,8925.0498,8825.4502,8910.5,0
1/28/2015,8902.75,8985.0498,8874.0498,8914.2998,0
1/29/2015,8901.5,8966.6504,8861.25,8952.3496,0
1/30/2015,8996.5996,8996.5996,8775.0996,8808.9004,0
2/2/2015,8802.5,8840.7998,8751.0996,8797.4004,0
2/3/2015,8823.1504,8837.2998,8726.6504,8756.5498,0
2/4/2015,8789.1504,8792.8496,8704.4004,8723.7002,0
2/5/2015,8733.0996,8838.4502,8683.6504,8711.7002,0
2/6/2015,8696.8496,8726.2002,8645.5498,8661.0498,0
2/9/2015,8584.4004,8605.5498,8516.3496,8526.3496,0
2/10/2015,8478.0996,8646.25,8470.5,8565.5498,0
2/11/2015,8603.2998,8651.9502,8593.6504,8627.4004,0
2/12/2015,8676.9502,8732.5498,8599.25,8711.5498,0
2/13/2015,8741.5,8822.0996,8729.6504,8805.5,0
2/16/2015,8831.4004,8870.0996,8793.4004,8809.3496,0
2/18/2015,8811.5498,8894.2998,8808.9004,8869.0996,0
2/19/2015,8883.0498,8913.4502,8794.4502,8895.2998,0
2/20/2015,8895.5,8899.9502,8816.2998,8833.5996,0
2/23/2015,8856.8496,8869,8736.0996,8754.9502,0
2/24/2015,8772.9004,8800.5,8726.75,8762.0996,0
2/25/2015,8801.9004,8840.6504,8751.4004,8767.25,0
2/26/2015,8779,8786.0498,8669.4502,8683.8496,0
2/27/2015,8729.5,8856.9502,8717.4502,8844.5996,0
3/2/2015,8953.8496,8972.3496,8885.4502,8956.75,0
3/3/2015,8962.8496,9008.4004,8925.5498,8996.25,0
3/4/2015,9109.1504,9119.2002,8893.9502,8922.6504,0
3/5/2015,8929.4004,8957.5498,8849.3496,8937.75,0
3/9/2015,8891.1504,8891.2998,8740.4502,8756.75,0
3/10/2015,8769.75,8778,8677.3496,8712.0498,0
3/11/2015,8728.75,8755.5996,8682.3496,8699.9502,0
3/12/2015,8740.6504,8787.2002,8732.9004,8776,0
3/13/2015,8844.0498,8849.75,8631.75,8647.75,0
3/16/2015,8656.75,8663.5498,8612,8633.1504,0
3/17/2015,8689.0996,8742.5498,8630.7998,8723.2998,0
3/18/2015,8742.9004,8747.25,8664,8685.9004,0
3/19/2015,8749.4502,8788.2002,8614.6504,8634.6504,0
3/20/2015,8627.9004,8627.9004,8553,8570.9004,0
3/23/2015,8591.5498,8608.3496,8540.5498,8550.9004,0
3/24/2015,8537.0498,8627.75,8535.8496,8542.9502,0
3/25/2015,8568.9004,8573.75,8516.5498,8530.7998,0
3/26/2015,8474.9502,8499.4502,8325.3496,8342.1504,0
3/27/2015,8396,8413.2002,8269.1504,8341.4004,0
3/30/2015,8390.9502,8504.5498,8380.75,8492.2998,0
3/31/2015,8527.5996,8550.4502,8454.1504,8491,0
4/1/2015,8483.7002,8603.4004,8464.75,8586.25,0
4/6/2015,8615.7998,8667.5498,8573.75,8659.9004,0
4/7/2015,8684.4502,8693.5996,8586.8496,8660.2998,0
4/8/2015,8698.9502,8730.5,8679.7998,8714.4004,0
4/9/2015,8756.2002,8785.5,8682.4502,8778.2998,0
4/10/2015,8774.3496,8787.4004,8733.5996,8780.3496,0
4/13/2015,8801.75,8841.6504,8762.0996,8834,0
4/15/2015,8844.75,8844.7998,8722.4004,8750.2002,0
4/16/2015,8757.0498,8760,8645.6504,8706.7002,0
4/17/2015,8698.0498,8699.8496,8596.7002,8606,0
4/20/2015,8618.7998,8619.9502,8422.75,8448.0996,0
4/21/2015,8416.0996,8469.3496,8352.7002,8377.75,0
4/22/2015,8400.4004,8449.9502,8284.7002,8429.7002,0
4/23/2015,8478.2002,8504.9502,8361.8496,8398.2998,0
4/24/2015,8405.7002,8413.2998,8273.3496,8305.25,0
4/27/2015,8330.5498,8334.4502,8202.3496,8213.7998,0
4/28/2015,8215.5498,8308,8185.1499,8285.5996,0
4/29/2015,8274.7998,8308.2002,8219.2002,8239.75,0
4/30/2015,8224.5,8229.4004,8144.75,8181.5,0
5/4/2015,8230.0498,8346,8220.4502,8331.9502,0
5/5/2015,8338.4004,8355.6504,8280.5996,8324.7998,0
5/6/2015,8316.5996,8331.9502,8083,8097,0
5/7/2015,8077,8122.6001,7997.1499,8057.2998,0
5/8/2015,8131.5,8224.9502,8123.4502,8191.5,0
5/11/2015,8243.2002,8332.75,8224.6504,8325.25,0
5/12/2015,8326.1504,8326.6504,8115.2998,8126.9502,0
5/13/2015,8181.5498,8254.9502,8089.7998,8235.4502,0
5/14/2015,8232.4502,8236.25,8137.2998,8224.2002,0
5/15/2015,8240.2998,8279.2002,8212.2002,8262.3496,0
5/18/2015,8284.9502,8384.5996,8271.9502,8373.6504,0
5/19/2015,8356.2002,8427.7998,8335,8365.6504,0
5/20/2015,8392.6504,8440.3496,8391.4502,8423.25,0
5/21/2015,8434.5,8446.3496,8382.5,8421,0
5/22/2015,8432.5,8489.5498,8420.5996,8458.9502,0
5/25/2015,8438.1504,8441.9502,8364.1504,8370.25,0
5/26/2015,8377.0996,8378.9004,8320.0498,8339.3496,0
5/27/2015,8302.75,8342.8496,8277.9502,8334.5996,0
5/28/2015,8345.7002,8364.5,8270.1504,8319,0
5/29/2015,8327.0996,8443.9004,8305.7002,8433.6504,0
6/1/2015,8417.25,8467.1504,8405.4004,8433.4004,0
6/2/2015,8442.7998,8445.3496,8226.0498,8236.4502,0
6/3/2015,8232.4502,8236.7002,8094.1499,8135.1001,0
6/4/2015,8155.1499,8160.0498,8056.75,8130.6499,0
6/5/2015,8119.1499,8191,8100.1499,8114.7002,0
6/8/2015,8124.3501,8131,8030.5498,8044.1499,0
6/9/2015,8026.5,8057.1499,8005.1499,8022.3999,0
6/10/2015,8024.1499,8152.25,8023.7998,8124.4502,0
6/11/2015,8157.2998,8163.0498,7958.25,7965.3501,0
6/12/2015,7959.8501,7995.6001,7940.2998,7982.8999,0
6/15/2015,7986.6001,8057.7002,7944.8501,8013.8999,0
6/16/2015,8004.2002,8061.8501,7952.3501,8047.2998,0
6/17/2015,8084.2002,8136.8501,8048.9502,8091.5498,0
6/18/2015,8113.7002,8186.8999,8101.7998,8174.6001,0
6/19/2015,8201.1504,8250.7998,8195.6504,8224.9502,0
6/22/2015,8259.2998,8369.4502,8257.4004,8353.0996,0
6/23/2015,8377.4502,8398.4502,8334.9502,8381.5498,0
6/24/2015,8399.4004,8421.3496,8338.9004,8360.8496,0
6/25/2015,8336.25,8423.1504,8329.5,8398,0
6/26/2015,8393.9502,8408.5498,8339.7002,8381.0996,0
6/29/2015,8247.0498,8329.4502,8195.6504,8318.4004,0
6/30/2015,8316.3496,8378,8298.9502,8368.5,0
7/1/2015,8376.25,8481.5996,8370.1504,8453.0498,0
7/2/2015,8471.9502,8479.25,8433.2002,8444.9004,0
7/3/2015,8440.0996,8497.75,8424.1504,8484.9004,0
7/6/2015,8386.1504,8533.1504,8386.1504,8522.1504,0
7/7/2015,8525.5,8561.3496,8483.8496,8510.7998,0
7/8/2015,8439.2002,8457.5,8341.4004,8363.0498,0
7/9/2015,8364.8496,8400.2998,8323,8328.5498,0
7/10/2015,8365.7002,8377.0996,8315.4004,8360.5498,0
7/13/2015,8397.25,8471.6504,8355.4004,8459.6504,0
7/14/2015,8470.5996,8480.25,8424.0996,8454.0996,0
7/15/2015,8463.4004,8531.4004,8462.9502,8523.7998,0
7/16/2015,8546.1504,8616.0996,8542.9004,8608.0498,0
7/17/2015,8623.6504,8642.9502,8593.1504,8609.8496,0
7/20/2015,8623.9004,8624.0996,8559,8603.4502,0
7/21/2015,8601.5,8646.75,8517.9004,8529.4502,0
7/22/2015,8512.25,8643.9004,8498.6504,8633.5,0
7/23/2015,8643.9502,8654.75,8573.7998,8589.7998,0
7/24/2015,8588.1504,8589.1504,8513.5,8521.5498,0
7/27/2015,8492.0996,8492.2002,8351.5498,8361,0
7/28/2015,8371.0996,8397.4004,8321.75,8337,0
7/29/2015,8365.5996,8381.5,8338.4502,8375.0498,0
7/30/2015,8417,8458.9004,8408.2998,8421.7998,0
7/31/2015,8456.0996,8548.9502,8448,8532.8496,0
8/3/2015,8510.6504,8563.9502,8508.0996,8543.0498,0
8/4/2015,8564.0996,8565.1504,8448.25,8516.9004,0
8/5/2015,8547.4502,8591.8496,8545.8496,8567.9502,0
8/6/2015,8585.7998,8606.2998,8551.5,8588.6504,0
8/7/2015,8580.7998,8595.9502,8552.7002,8564.5996,0
8/10/2015,8577,8621.5498,8497.7998,8525.5996,0
8/11/2015,8548.4502,8556.25,8441.2998,8462.3496,0
8/12/2015,8445.7002,8446.9502,8337.9502,8349.4502,0
8/13/2015,8384.4502,8429.5,8339.75,8355.8496,0
8/14/2015,8402.3496,8530.0996,8381.2002,8518.5498,0
8/17/2015,8530.5,8530.5996,8428.0498,8477.2998,0
8/18/2015,8505.8496,8525.75,8433.5996,8466.5498,0
8/19/2015,8468.0498,8520.4502,8425.9502,8495.1504,0
8/20/2015,8471.0498,8501.3496,8359.75,8372.75,0
8/21/2015,8305.4004,8322.2002,8225.0498,8299.9502,0
8/24/2015,8055.9502,8060.0498,7769.3999,7809,0
8/25/2015,7895.3999,7925.3999,7667.25,7880.7002,0
8/26/2015,7865.25,7930.0498,7777.1001,7791.8501,0
8/27/2015,7921.6001,7963.6001,7862.2998,7948.9502,0
8/28/2015,8053.7002,8091.7998,7961.6499,8001.9502,0
8/31/2015,8009.25,8043.6001,7947.9502,7971.2998,0
9/1/2015,7907.9502,7929.1001,7746.5,7785.8501,0
9/2/2015,7856.6499,7862.5498,7699.25,7717,0
9/3/2015,7774.4502,7845.6001,7754.0498,7823,0
9/4/2015,7803.3999,7804.8999,7626.8501,7655.0498,0
9/7/2015,7685.8501,7705.0498,7545.8999,7558.7998,0
9/8/2015,7587.7002,7720.8999,7539.5,7688.25,0
9/9/2015,7805.8501,7846.0498,7764.5498,7818.6001,0
9/10/2015,7729.0498,7819.8501,7678.5,7788.1001,0
9/11/2015,7833.7998,7864.8501,7759.8999,7789.2998,0
9/14/2015,7811.1001,7879.9502,7761.8501,7872.25,0
9/15/2015,7867.3501,7880,7799.75,7829.1001,0
9/16/2015,7886.8501,7913.8999,7853.2998,7899.1499,0
9/18/2015,7967.4502,8055,7955.8501,7981.8999,0
9/21/2015,7911.5,7987.8999,7908.3501,7977.1001,0
9/22/2015,8014.7998,8021.6001,7787.75,7812,0
9/23/2015,7737.3501,7882.8999,7723.25,7845.9502,0
9/24/2015,7838.3999,7894.5,7804.1001,7868.5,0
9/28/2015,7892.7998,7893.9502,7787.9502,7795.7002,0
9/29/2015,7725.7002,7926.5498,7691.2002,7843.2998,0
9/30/2015,7924.25,7957.7002,7874.5,7948.8999,0
10/1/2015,7992.0498,8008.25,7930.6499,7950.8999,0
10/5/2015,8005.1001,8128.8999,8005.1001,8119.2998,0
10/6/2015,8180.4502,8180.9502,8096.5,8152.8999,0
10/7/2015,8146.2002,8188.8999,8132.8999,8177.3999,0
10/8/2015,8196.75,8196.75,8105.8501,8129.3501,0
10/9/2015,8186.3501,8232.2002,8139.6499,8189.7002,0
10/12/2015,8231.5,8244.5,8128.2002,8143.6001,0
10/13/2015,8121.9502,8150.25,8088.6001,8131.7002,0
10/14/2015,8102.3999,8139.2998,8096.3501,8107.8999,0
10/15/2015,8134.3501,8190.5498,8129.7998,8179.5,0
10/16/2015,8193.6504,8246.4004,8147.6499,8238.1504,0
10/19/2015,8262.5498,8283.0498,8239.2002,8275.0498,0
10/20/2015,8280.2998,8294.0498,8229.2002,8261.6504,0
10/21/2015,8258.3496,8294.4004,8217.1504,8251.7002,0
10/23/2015,8308.25,8328.0996,8280.75,8295.4502,0
10/26/2015,8333.6504,8336.2998,8252.0498,8260.5498,0
10/27/2015,8230.3496,8241.9502,8217.0498,8232.9004,0
10/28/2015,8188.8999,8209.0996,8131.7998,8171.2002,0
10/29/2015,8175.4502,8179.6001,8098,8111.75,0
10/30/2015,8123.5498,8146.1001,8044.3999,8065.7998,0
11/2/2015,8054.5498,8060.7002,7995.6001,8050.7998,0
11/3/2015,8086.3501,8100.3501,8031.75,8060.7002,0
11/4/2015,8104.8999,8116.1001,8027.2998,8040.2002,0
11/5/2015,8030.3501,8031.2002,7944.1001,7955.4502,0
11/6/2015,7956.5498,8002.6499,7926.1499,7954.2998,0
11/9/2015,7788.25,7937.75,7771.7002,7915.2002,0
11/10/2015,7877.6001,7885.1001,7772.8501,7783.3501,0
11/11/2015,7838.7998,7847.9502,7819.1001,7825,0
11/13/2015,7762.4502,7775.1001,7730.8999,7762.25,0
11/16/2015,7732.9502,7838.8501,7714.1499,7806.6001,0
11/17/2015,7848.75,7860.4502,7793,7837.5498,0
11/18/2015,7823.1499,7843.3999,7725.0498,7731.7998,0
11/19/2015,7788.5,7854.8999,7765.4502,7842.75,0
11/20/2015,7841.8999,7906.9502,7817.7998,7856.5498,0
11/23/2015,7869.5,7877.5,7825.2002,7849.25,0
11/24/2015,7837,7870.3501,7812.6499,7831.6001,0
11/26/2015,7837.1499,7897.1001,7832,7883.7998,0
11/27/2015,7910.6001,7959.2998,7879.4502,7942.7002,0
11/30/2015,7936.25,7966,7922.7998,7935.25,0
12/1/2015,7958.1499,7972.1499,7934.1499,7954.8999,0
12/2/2015,7976.7002,7979.2998,7910.7998,7931.3501,0
12/3/2015,7902.2998,7912.2998,7853.2998,7864.1499,0
12/4/2015,7817.6001,7821.3999,7775.7002,7781.8999,0
12/7/2015,7816.5498,7825.3999,7746.0498,7765.3999,0
12/8/2015,7738.5,7771.25,7685.4502,7701.7002,0
12/9/2015,7695.5,7702.8501,7606.8999,7612.5,0
12/10/2015,7643.2998,7691.9502,7610,7683.2998,0
12/11/2015,7699.6001,7703.0498,7575.2998,7610.4502,0
12/14/2015,7558.2002,7663.9502,7551.0498,7650.0498,0
12/15/2015,7659.1499,7705,7625.1001,7700.8999,0
12/16/2015,7725.25,7776.6001,7715.75,7750.8999,0
12/17/2015,7783.0498,7852.8999,7737.5498,7844.3501,0
12/18/2015,7828.8999,7836.1499,7753.3501,7761.9502,0
12/21/2015,7745.6499,7840.75,7733.4502,7834.4502,0
12/22/2015,7829.3999,7846.2998,7776.8501,7786.1001,0
12/23/2015,7830.4502,7871.4502,7826.1001,7865.9502,0
12/24/2015,7888.75,7888.75,7835.5,7861.0498,0
12/28/2015,7863.2002,7937.2002,7863,7925.1499,0
12/29/2015,7929.2002,7942.1499,7902.75,7928.9502,0
12/30/2015,7938.6001,7944.75,7889.8501,7896.25,0
12/31/2015,7897.7998,7955.5498,7891.1499,7946.3501,0
1/1/2016,7938.4502,7972.5498,7909.7998,7963.2002,0
1/4/2016,7924.5498,7937.5498,7781.1001,7791.2998,0
1/5/2016,7828.3999,7831.2002,7763.25,7784.6499,0
1/6/2016,7788.0498,7800.9502,7721.2002,7741,0
1/7/2016,7673.3501,7674.9502,7556.6001,7568.2998,0
1/8/2016,7611.6499,7634.1001,7581.0498,7601.3501,0
1/11/2016,7527.4502,7605.1001,7494.3501,7563.8501,0
1/12/2016,7587.2002,7588.2998,7487.7998,7510.2998,0
1/13/2016,7557.8999,7590.9502,7425.7998,7562.3999,0
1/14/2016,7467.3999,7604.7998,7443.7998,7536.7998,0
1/15/2016,7561.6499,7566.5,7427.2998,7437.7998,0
1/18/2016,7420.3501,7463.6499,7336.3999,7351,0
1/19/2016,7381.7998,7462.75,7364.1499,7435.1001,0
1/20/2016,7357,7470.8999,7241.5,7309.2998,0
1/21/2016,7376.6499,7398.7002,7250,7276.7998,0
1/22/2016,7355.7002,7433.3999,7327.6001,7422.4502,0
1/25/2016,7468.75,7487.1499,7421.2002,7436.1499,0
1/27/2016,7469.6001,7477.8999,7419.7002,7437.75,0
1/28/2016,7426.5,7468.8501,7409.6001,7424.6499,0
1/29/2016,7413.3501,7575.6499,7402.7998,7563.5498,0
2/1/2016,7589.5,7600.4502,7541.25,7555.9502,0
2/2/2016,7566.6499,7576.2998,7428.0498,7455.5498,0
2/3/2016,7392.4502,7419.3999,7350.2998,7361.7998,0
2/4/2016,7411.4502,7457.0498,7365.9502,7404,0
2/5/2016,7418.25,7503.1499,7406.6499,7489.1001,0
2/8/2016,7489.7002,7512.5498,7363.2002,7387.25,0
2/9/2016,7303.9502,7323.4502,7275.1499,7298.2002,0
2/10/2016,7264.2998,7271.8501,7177.75,7215.7002,0
2/11/2016,7203.6001,7208.6499,6959.9502,6976.3501,0
2/12/2016,7023.6499,7034.7998,6869,6980.9502,0
2/15/2016,7057.3501,7182.7998,7056.7998,7162.9502,0
2/16/2016,7201.25,7204.6499,7037.7002,7048.25,0
2/17/2016,7058.8501,7123.7002,6960.6499,7108.4502,0
2/18/2016,7177.3999,7215.1001,7127.8501,7191.75,0
2/19/2016,7170.5498,7226.8501,7145.9502,7210.75,0
2/22/2016,7208.8501,7252.3999,7200.7002,7234.5498,0
2/23/2016,7240.2998,7241.7002,7090.7002,7109.5498,0
2/24/2016,7075,7090.7998,7009.75,7018.7002,0
2/25/2016,7029.8501,7034.2002,6961.3999,6970.6001,0
2/26/2016,7039.2998,7052.8999,6985.1001,7029.75,0
2/29/2016,7050.4502,7094.6001,6825.7998,6987.0498,0
3/1/2016,7038.25,7235.5,7035.1001,7222.2998,0
3/2/2016,7321.7002,7380.3501,7308.1499,7368.8501,0
3/3/2016,7429.5498,7483.9502,7406.0498,7475.6001,0
3/4/2016,7505.3999,7505.8999,7444.1001,7485.3501,0
3/8/2016,7486.3999,7527.1499,7442.1499,7485.2998,0
3/9/2016,7436.1001,7539,7424.2998,7531.7998,0
3/10/2016,7545.3501,7547.1001,7447.3999,7486.1499,0
3/11/2016,7484.8501,7543.9502,7460.6001,7510.2002,0
3/14/2016,7542.6001,7583.7002,7515.0498,7538.75,0
3/15/2016,7535.8501,7545.2002,7452.7998,7460.6001,0
3/16/2016,7457.0498,7508,7405.1499,7498.75,0
3/17/2016,7557.3999,7585.2998,7479.3999,7512.5498,0
3/18/2016,7534.6499,7613.6001,7517.8999,7604.3501,0
3/21/2016,7619.2002,7713.5498,7617.7002,7704.25,0
3/22/2016,7695.5498,7728.2002,7643.7998,7714.8999,0
3/23/2016,7717.4502,7726.8501,7670.6001,7716.5,0
3/28/2016,7741,7749.3999,7587.7002,7615.1001,0
3/29/2016,7606.5498,7652.8999,7582.25,7597,0
3/30/2016,7651.1001,7741.9502,7643.4502,7735.2002,0
3/31/2016,7727.6499,7777.6001,7702,7738.3999,0
4/1/2016,7718.0498,7740.1499,7666.1001,7713.0498,0
4/4/2016,7733.1499,7764.4502,7704.3999,7758.7998,0
4/5/2016,7736.2998,7736.2998,7588.6499,7603.2002,0
4/6/2016,7636.0498,7638.6499,7591.75,7614.3501,0
4/7/2016,7630.3999,7630.75,7535.8501,7546.4502,0
4/8/2016,7542.3501,7569.3501,7526.7002,7555.2002,0
4/11/2016,7577.7998,7678.7998,7516.8501,7671.3999,0
4/12/2016,7669.25,7717.3999,7663.3501,7708.9502,0
4/13/2016,7777.1499,7864.7998,7772.2002,7850.4502,0
4/18/2016,7908.1499,7920.6001,7842.75,7914.7002,0
4/20/2016,7950.0498,7950.3999,7877.5498,7914.75,0
4/21/2016,7953.6499,7978.4502,7884.1001,7912.0498,0
4/22/2016,7891.7998,7923.3501,7873.3501,7899.2998,0
4/25/2016,7894.7998,7911,7827,7855.0498,0
4/26/2016,7828.1499,7974.5,7822.5498,7962.6499,0
4/27/2016,7942,7991,7940.5498,7979.8999,0
4/28/2016,7967.3999,7992,7834.4502,7847.25,0
4/29/2016,7844.25,7889.0498,7788.7002,7849.7998,0
5/2/2016,7822.7002,7829.7998,7777.2998,7805.8999,0
5/3/2016,7824.7998,7890.25,7735.1499,7747,0
5/4/2016,7724.1499,7749,7697.25,7706.5498,0
5/5/2016,7731,7777.5498,7706.8501,7735.5,0
5/6/2016,7717.6499,7738.8999,7678.3501,7733.4502,0
5/9/2016,7755.25,7873.6499,7753.5498,7866.0498,0
5/10/2016,7873.5498,7896.8999,7837.7002,7887.7998,0
5/11/2016,7804.6499,7893.1001,7780.8999,7848.8501,0
5/12/2016,7871.4502,7916.0498,7849.6499,7900.3999,0
5/13/2016,7881,7881,7784.2002,7814.8999,0
5/16/2016,7831.2002,7873.8999,7772.1499,7860.75,0
5/17/2016,7896.8501,7940.1001,7879.7002,7890.75,0
5/18/2016,7846.75,7882.0498,7810.75,7870.1499,0
5/19/2016,7875.5,7876.2002,7766.7998,7783.3999,0
5/20/2016,7792.2002,7812.3999,7735.75,7749.7002,0
5/23/2016,7813.9502,7820.6001,7722.2002,7731.0498,0
5/24/2016,7738.0498,7761.5498,7715.7998,7748.8501,0
5/25/2016,7811.7998,7941.2002,7809.2998,7934.8999,0
5/26/2016,7974.4502,8083,7948.5,8069.6499,0
5/27/2016,8081.9502,8164.2002,8077.0498,8156.6499,0
5/30/2016,8166.5,8200,8150.7998,8178.5,0
5/31/2016,8209.8496,8213.5996,8134.2998,8160.1001,0
6/1/2016,8179.2002,8215.3496,8171.0498,8179.9502,0
6/2/2016,8156.8999,8229.5,8154.75,8218.9502,0
6/3/2016,8246.2002,8262,8209.8496,8220.7998,0
6/6/2016,8228.75,8234.7002,8186.0498,8201.0498,0
6/7/2016,8235.5498,8294.9502,8216.4004,8266.4502,0
6/8/2016,8285.5,8288.9004,8252.0498,8273.0498,0
6/9/2016,8273.3496,8273.3496,8184.6001,8203.5996,0
6/10/2016,8180.25,8265.5996,8162.8501,8170.0498,0
6/13/2016,8102.25,8125.25,8063.8999,8110.6001,0
6/14/2016,8134.3999,8134.9502,8069.5,8108.8501,0
6/15/2016,8139.3999,8213.2002,8123.1499,8206.5996,0
6/16/2016,8180.6499,8180.6499,8074.4502,8140.75,0
6/17/2016,8176.6499,8195.25,8135.7998,8170.2002,0
6/20/2016,8115.75,8244.1504,8107.3501,8238.5,0
6/21/2016,8255.4004,8257.25,8202.1504,8219.9004,0
6/22/2016,8213.6504,8238.3496,8153.25,8203.7002,0
6/23/2016,8201.1504,8285.5996,8188.2998,8270.4502,0
6/24/2016,8029.1001,8100.7002,7927.0498,8088.6001,0
6/27/2016,8039.3501,8120.6499,8039.3501,8094.7002,0
6/28/2016,8096.0498,8146.3501,8086.8501,8127.8501,0
6/29/2016,8173.1001,8212.4004,8157.6499,8204,0
6/30/2016,8260.25,8308.1504,8242.0996,8287.75,0
7/1/2016,8313.0498,8356.75,8308.6504,8328.3496,0
7/4/2016,8376.75,8398.4502,8364.7002,8370.7002,0
7/5/2016,8379.2998,8381.4502,8319.9502,8335.9502,0
7/7/2016,8342,8361.9502,8317.7002,8337.9004,0
7/8/2016,8350,8353.2998,8287.5498,8323.2002,0
7/11/2016,8413.3496,8475.25,8407.0498,8467.9004,0
7/12/2016,8502.5996,8526.5996,8479.2002,8521.0498,0
7/13/2016,8540.4502,8550.25,8493.5498,8519.5,0
7/14/2016,8515.75,8571.4004,8500.7002,8565,0
7/15/2016,8565.4502,8594.7998,8510.0498,8541.4004,0
7/18/2016,8564.0498,8587.0996,8494.3496,8508.7002,0
7/19/2016,8514.2998,8540.0498,8476.7002,8528.5498,0
7/20/2016,8515.4502,8569.9004,8512.5498,8565.8496,0
7/21/2016,8582.7002,8585.25,8503.4502,8510.0996,0
7/22/2016,8519.6504,8548.9502,8489.7998,8541.2002,0
7/25/2016,8519.9502,8641.1504,8517.2002,8635.6504,0
7/26/2016,8633.75,8644.9004,8577.1504,8590.6504,0
7/27/2016,8599.4004,8665,8572.0498,8615.7998,0
7/28/2016,8636.9502,8674.7002,8625.25,8666.2998,0
7/29/2016,8668.2998,8670.3496,8631.1504,8638.5,0
8/1/2016,8654.2998,8711.2998,8590.5,8636.5498,0
8/2/2016,8647.4502,8687.2002,8611.4004,8622.9004,0
8/3/2016,8635.2002,8635.4502,8529.5996,8544.8496,0
8/4/2016,8599.9502,8601.4004,8518.1504,8551.0996,0
8/5/2016,8600.2002,8689.4004,8590.1504,8683.1504,0
8/8/2016,8712.8496,8723.5,8697.5996,8711.3496,0
8/9/2016,8727.7998,8728.3496,8638.2002,8678.25,0
8/10/2016,8686.7002,8690.0996,8564.5996,8575.2998,0
8/11/2016,8572.7998,8601.1504,8540.0498,8592.1504,0
8/12/2016,8605.4502,8684.2998,8604.4502,8672.1504,0
8/16/2016,8670.25,8682.3496,8600.4502,8642.5498,0
8/17/2016,8639.7998,8667.0996,8603.5996,8624.0498,0
8/18/2016,8648.8496,8690.7002,8645.0498,8673.25,0
8/19/2016,8694.2998,8696.5996,8647.0996,8666.9004,0
8/22/2016,8667,8684.8496,8614,8629.1504,0
8/23/2016,8628.3496,8642.1504,8580,8632.5996,0
8/24/2016,8648.5,8661.0498,8620.9004,8650.2998,0
8/25/2016,8668.8496,8683.0498,8583.6504,8592.2002,0
8/26/2016,8614.3496,8622.9502,8547.5498,8572.5498,0
8/29/2016,8583.75,8622,8543.75,8607.4502,0
8/30/2016,8646.75,8750.5996,8642.25,8744.3496,0
8/31/2016,8754.0498,8819.2002,8754.0498,8786.2002,0
9/1/2016,8793.5996,8813.25,8759.9502,8774.6504,0
9/2/2016,8796.3496,8824.0996,8768.2002,8809.6504,0
9/6/2016,8852.7002,8950.8496,8848.4502,8943,0
9/7/2016,8968.7002,8968.7002,8913.3496,8917.9502,0
9/8/2016,8915.5,8960.3496,8896,8952.5,0
9/9/2016,8934.2998,8939.1504,8858.7002,8866.7002,0
9/12/2016,8732.9502,8746.9502,8699.4004,8715.5996,0
9/14/2016,8710.6504,8739.8496,8688.9004,8726.5996,0
9/15/2016,8743.8496,8751.9502,8704.3496,8742.5498,0
9/16/2016,8780.8496,8847.6504,8750.5,8779.8496,0
9/19/2016,8788.4502,8824.2998,8774.2002,8808.4004,0
9/20/2016,8816.0996,8816.4502,8759.2998,8775.9004,0
9/21/2016,8790.2998,8826.8496,8757.2998,8777.1504,0
9/22/2016,8873.3496,8893.3496,8837.7998,8867.4502,0
9/23/2016,8880.75,8885.2002,8820.2998,8831.5498,0
9/26/2016,8807.9004,8809.5498,8715.0996,8723.0498,0
9/27/2016,8748.9004,8768.5,8690.5,8706.4004,0
9/28/2016,8711.2002,8767.0498,8703.1504,8745.1504,0
9/29/2016,8792.7002,8800.6504,8558.25,8591.25,0
