"","Return","rsi","sma","lma","adx"
"51","Up",75.8,182,181,16.3
"52","Up",79.6,182.4,181.1,16.3
"53","Down",88.6,183.1,181.1,17.7
"54","Up",69.7,183.8,181.2,18.9
"55","Up",78.7,184.6,181.4,18
"56","Up",86.4,185.8,181.7,17.9
"57","Up",86.2,187.1,181.9,18.1
"58","Up",87,188.4,182.2,18.3
"59","Up",88.3,189.5,182.6,18.4
"60","Up",89.3,190.4,182.9,18.2
"61","Up",90.2,191.3,183.4,18.3
"62","Up",91.9,192.2,183.8,19
"63","Down",93.2,193.3,184.3,19.8
"64","Down",71.4,194.2,184.6,20.4
"65","Up",60.3,195,185,20.2
"66","Down",57.3,195.9,185.5,19.8
"67","Up",41.8,196.5,185.8,18.5
"68","Down",47.5,197.3,186.4,17.4
"69","Up",35.7,197.9,186.8,16.3
"70","Up",41.7,198.6,187.2,16.1
"71","Up",39.3,199.2,187.6,15.9
"72","Up",38.3,199.8,188.1,15
"73","Up",51.3,200.2,188.6,14
"74","Up",61,200.9,189.2,13.8
"75","Up",66.7,201.6,189.9,15
"76","Down",66.3,201.8,190.5,16
"77","Up",62.6,202,191,15.8
"78","Up",60.8,202.2,191.6,15.5
"79","Up",69.5,202.4,192.2,15.7
"80","Down",74.9,202.7,192.8,16.2
"81","Up",64.9,202.9,193.4,15.2
"82","Up",70.1,203,194,15.1
"83","Up",72.2,203.1,194.6,15.4
"84","Down",72.2,203.3,195.2,15.8
"85","Up",42.6,203.4,195.7,15.6
"86","Up",42.3,203.5,196.3,16.6
"87","Up",41.8,203.8,196.9,17.4
"88","Up",42.2,204,197.4,18.2
"89","Down",50.3,204.4,197.9,19.1
"90","Down",36.2,204.6,198.3,19.4
"91","Up",30.8,204.6,198.6,18.9
"92","Down",51.6,205,199,19.1
"93","Up",40.4,205,199.3,19.3
"94","Down",38,204.8,199.6,19.3
"95","Down",32.9,204.4,199.9,18.9
"96","Down",29.6,203.9,200.1,18.9
"97","Up",19,203.1,200.2,17.6
"98","Up",24.8,202.4,200.3,16.5
"99","Up",45.5,201.9,200.5,16.5
"100","Up",45.6,201.4,200.8,16.4
"101","Down",52.3,201.1,201.1,16.2
"102","Down",50.6,200.7,201.3,16
"103","Up",48,200.2,201.4,15.8
"104","Up",56.3,199.8,201.6,15
"105","Down",62.1,199.8,201.8,14.2
"106","Up",55.5,199.7,201.8,14.2
"107","Up",58.1,199.5,201.8,13.9
"108","Up",66.7,199.5,201.9,13.2
"109","Up",68.1,199.4,201.9,12.4
"110","Up",76.1,199.7,202,11.8
"111","Up",82.5,200.2,202.1,11.8
"112","Down",82.7,200.4,202.2,12
"113","Down",71.6,200.7,202.3,11.9
"114","Up",63.3,201,202.3,11.5
"115","Up",64.4,201.5,202.5,11.2
"116","Up",71.6,202.2,202.6,12
"117","Up",67.1,203.2,202.9,12.7
"118","Up",68.7,204.3,203.1,13.5
"119","Down",75.5,205,203.4,14.8
"120","Up",59.7,205.6,203.6,14.9
"121","Up",59.2,206.1,203.8,15
"122","Up",55.6,206.6,204,14.4
"123","Down",54.7,207.2,204.2,13.9
"124","Up",30.3,207.4,204.2,13.9
"125","Up",50.3,207.7,204.3,13.1
"126","Up",64.1,208.4,204.4,13.3
"127","Down",64.9,209.1,204.6,13.4
"128","Up",56.3,209.5,204.8,13.3
"129","Up",53.7,209.9,204.9,13.1
"130","Up",53,210.1,205,12.6
"131","Up",51.6,210.2,205.1,12.2
"132","Up",49.5,210.2,205.1,11.8
"133","Up",48.3,210.3,205.2,11.7
"134","Up",57.9,210.6,205.3,11.7
"135","Up",63.5,210.9,205.5,11.9
"136","Up",59.7,211.1,205.7,12.6
"137","Up",54.5,211.2,205.8,12.9
"138","Up",55.3,211.4,206,13.2
"139","Down",45.8,211.3,206.1,12.3
"140","Down",32.1,211.3,206.3,11.5
"141","Up",22.7,211.2,206.4,11.7
"142","Up",43,211.2,206.5,11.6
"143","Down",56.7,211.4,206.8,10.9
"144","Up",49.4,211.7,207,10.2
"145","Up",60.3,212,207.3,10.1
"146","Up",78.5,212.4,207.8,12.3
"147","Down",79.1,212.9,208.6,15.4
"148","Up",63.8,213.2,209.1,17.3
"149","Up",67.1,213.7,209.6,18.5
"150","Up",64.2,214.1,210.1,19.7
"151","Down",68.5,214.7,210.5,21
"152","Up",63,215.2,210.9,21.4
"153","Up",62.1,215.7,211.4,21.7
"154","Up",73.7,216.4,211.9,23
"155","Up",75.5,217.1,212.4,24.5
"156","Up",82.3,218.1,213.1,26.4
"157","Up",85.4,219.4,213.8,28.6
"158","Up",82.1,220.6,214.4,30.7
"159","Up",84,222,215.1,32.6
"160","Up",85.3,223.4,215.8,32.8
"161","Down",87.7,225,216.4,32.9
"162","Up",75.9,226.4,216.9,33.1
"163","Up",78,227.7,217.6,31.6
"164","Down",83.2,229.3,218.3,30.8
"165","Up",63.2,230.6,218.9,29.1
"166","Down",59.4,231.3,219.5,27.5
"167","Up",51.2,231.9,220,25.6
"168","Up",59.8,233,220.6,24.5
"169","Down",62.4,234,221.2,23.9
"170","Up",53.7,235,221.8,23.1
"171","Up",61.1,236.1,222.5,22.9
"172","Up",61.5,237.3,223.2,22.6
"173","Down",66.2,238.5,223.9,22.9
"174","Up",61.5,239.4,224.7,23.2
"175","Up",71.4,240.5,225.5,24.2
"176","Up",76.4,241.4,226.2,25.2
"177","Up",81.1,242.2,227,26.6
"178","Up",85.5,243.3,227.9,28.7
"179","Up",85.5,244.2,228.9,30.7
"180","Down",87.3,245.1,229.8,32.5
"181","Up",69,245.8,230.6,33.2
"182","Up",67.1,246.7,231.5,33.6
"183","Up",66.3,247.4,232.4,33.9
"184","Up",72.6,248.1,233.3,34.7
"185","Up",77.4,249.2,234.2,35.7
"186","Up",77.2,250.3,235.2,36.7
"187","Up",71.5,251.5,236.1,37.7
"188","Up",65.6,252.4,237,37.2
"189","Up",72.1,253.3,238,37.1
"190","Up",72.6,254.4,239.1,37.2
"191","Up",69.2,255.3,240.1,37.4
"192","Up",75.2,256.3,241.2,37.9
"193","Up",73.9,257.1,242.2,38.3
"194","Up",67,258,243.2,38.9
"195","Down",74.9,258.7,244.2,39.5
"196","Up",56.9,259.2,245,39.4
"197","Down",76.7,260,245.9,40
"198","Down",59.7,260.4,246.8,40.9
"199","Up",47,260.6,247.6,39.9
"200","Up",44.5,260.7,248.4,38.1
"201","Up",43.7,261,249.2,36.8
"202","Up",40.9,261.2,249.9,35.4
"203","Up",53.4,261.7,250.8,34.6
"204","Up",59.7,262.2,251.6,34.2
"205","Up",67,262.7,252.4,34.5
"206","Up",63.6,263.1,253.1,34.8
"207","Down",60.1,263.5,253.7,34.2
"208","Down",44.8,263.7,254.2,32.3
"209","Up",36.3,263.5,254.6,30.9
"210","Up",46.3,263.5,255.1,29
"211","Up",48,263.6,255.6,27.2
"212","Up",55,263.7,256.1,25.4
"213","Down",69.9,264.3,256.8,25.3
"214","Up",65.2,264.8,257.4,25.2
"215","Down",71.6,265.4,258.1,25.7
"216","Down",62.5,266,258.9,26.1
"217","Down",54.3,266,259.5,25.8
"218","Up",45,266,260,24.5
"219","Down",48,266.3,260.5,23
"220","Down",43.3,266.5,261,21.6
"221","Down",37.6,266.5,261.3,20.8
"222","Up",31.8,266.4,261.6,20.4
"223","Up",40.9,266.3,261.9,19.4
"224","Down",38.3,266,262.2,18.5
"225","Down",26.3,265.2,262.3,18.5
"226","Down",14.4,263.6,262,20.5
"227","Up",10.6,261.7,261.5,22.8
"228","Up",20.3,260.3,261.1,24.9
"229","Up",34.6,259.6,260.8,25.9
"230","Up",44.2,259,260.6,25.4
"231","Up",50.3,258.6,260.6,24.4
"232","Down",52.4,258,260.7,23.6
"233","Down",42.7,256.6,260.5,23.9
"234","Down",37.9,255,260.1,24.5
"235","Down",35.4,252.9,259.6,25.3
"236","Up",34,251,259.1,26.3
"237","Up",42.8,249.5,258.7,26.6
"238","Up",52,248.5,258.5,26.2
"239","Down",56.4,247.5,258.2,25.4
"240","Up",47,246.3,257.8,25.3
"241","Down",49.6,245.4,257.4,25.4
"242","Up",45.9,244.6,256.9,25.5
"243","Down",48.7,243.7,256.5,25
"244","Up",42.7,242.6,256.1,24.8
"245","Up",44.3,242,255.6,24.7
"246","Down",52.2,242.3,255.3,24.1
"247","Up",50.6,242.9,254.7,23.3
"248","Up",56.5,243.3,254.2,22.6
"249","Down",60.5,243.4,253.9,21.6
"250","Up",54.1,243,253.6,20.3
"251","Up",56.6,242.5,253.3,19.1
"252","Up",57.1,242,253,17.9
"253","Down",56.6,241.9,252.6,16.9
"254","Down",43.3,242,252.1,17
"255","Down",32.2,242.1,251.4,17.5
"256","Down",21.8,242.1,250.7,18.5
"257","Up",15.8,241.6,250,20.8
"258","Up",34.2,241.1,249.4,22.4
"259","Down",44.7,240.7,249,23.6
"260","Down",27.2,240,248.3,25.2
"261","Up",24.3,239.1,247.6,27
"262","Up",31.3,238.3,246.8,28.9
"263","Up",37.4,237.7,245.9,29.9
"264","Up",36.4,237.1,245,30.8
"265","Down",36.8,236.5,244,32.2
"266","Up",32.6,235.5,243.1,32.4
"267","Down",46,235,242.3,32.7
"268","Down",42.8,234.2,241.5,32.8
"269","Down",34.4,233,240.6,33.5
"270","Up",30.4,231.8,239.7,34.4
"271","Up",35.7,230.6,238.9,35.7
"272","Down",33.7,229.4,238.2,36
"273","Up",27.2,228,237.3,36.7
"274","Down",31,226.8,236.4,37.3
"275","Down",23.1,225.5,235.6,38.3
"276","Down",15.5,224,234.9,39.8
"277","Down",12.5,222.5,234.3,41.3
"278","Down",10.9,220.7,233.6,42.9
"279","Up",9.1,218.7,232.7,44.4
"280","Up",37,217.7,231.8,44.4
"281","Up",47.5,217.1,231,43.2
"282","Up",59.1,216.7,230.2,40.8
"283","Up",63.1,216.3,229.7,38.3
"284","Down",66.1,215.9,229.4,35.9
"285","Down",62.2,215.4,229,33.4
"286","Down",56.9,215,228.7,31.7
"287","Down",54.6,214.2,228.2,30.2
"288","Down",50.8,213.4,227.5,29
"289","Up",43.3,212.7,226.7,28.9
"290","Up",53.3,212.3,226.1,28.8
"291","Up",52.7,211.9,225.5,28.3
"292","Up",63.4,211.9,225.1,27.1
"293","Down",59.5,211.9,224.6,25.4
"294","Down",53.3,211.9,224.1,23.9
"295","Up",44.4,212,223.6,23.3
"296","Down",53.4,212.6,223,22.7
"297","Up",49.2,213.3,222.5,21.9
"298","Up",47.9,214.1,221.9,21.5
"299","Up",48.9,215,221.3,21.1
"300","Up",56,215.5,220.8,20.3
"301","Up",54.6,215.6,220.2,20.6
"302","Up",66,215.6,219.7,20.2
"303","Down",67.4,215.6,219.2,19.4
"304","Up",57.5,215.4,218.7,18.8
"305","Up",53.9,215.3,218.3,18.3
"306","Up",58.7,215.5,218,17.8
"307","Up",71.4,215.9,217.9,16.6
"308","Up",78.5,216.5,217.6,16.2
"309","Up",85.4,217.6,217.5,16.2
"310","Up",87.9,218.5,217.5,16.7
"311","Up",91.7,219.6,217.7,17.7
"312","Up",95.2,220.8,218.1,19.8
"313","Down",91.7,222,218.3,21.7
"314","Up",69.8,223,218.5,23.3
"315","Up",72.6,224.3,218.7,24.4
"316","Up",72.9,225.4,219,25.6
"317","Up",72.6,226.6,219.2,26.8
"318","Down",72.6,227.9,219.4,28
"319","Up",63.6,229.1,219.7,28.7
"320","Up",61.6,230.2,220.1,29.1
"321","Up",63.3,231.4,220.5,29.5
"322","Up",56.2,232.3,220.9,30.2
"323","Up",50.7,233.2,221.3,30.8
"324","Up",43.1,234.2,221.7,31.2
"325","Up",60.1,235.4,222.3,32.3
"326","Up",54.6,236.5,223,33.6
"327","Up",66.3,237.5,223.8,35
"328","Up",72.5,238.5,224.7,35.3
"329","Down",71.7,239.3,225.7,35.7
"330","Down",51.2,239.8,226.4,35.2
"331","Down",40,239.9,226.9,33.2
"332","Down",26.5,239.3,227.1,31.8
"333","Up",15.2,238,227,32.3
"334","Down",27.7,237.4,227.1,33.1
"335","Up",20,236.1,227,34.1
"336","Down",32.2,235.2,227.1,35.1
"337","Up",28.8,234,227.1,35.2
"338","Down",31.6,232.8,227.2,35.3
"339","Down",29.9,231.8,227.4,35.4
"340","Up",28.7,230.6,227.4,35.6
"341","Down",33.3,229.5,227.5,34.7
"342","Up",29.2,228.1,227.4,34.2
"343","Up",29.6,226.8,227.3,33.8
"344","Down",29.7,225.6,227.2,33.8
"345","Up",25.5,223.9,227,34.2
"346","Up",24.8,222.2,226.8,34.7
"347","Up",22.9,220.3,226.6,35.7
"348","Up",38.3,218.6,226.5,35.1
"349","Up",40.9,216.9,226.5,34.6
"350","Down",61,215.7,226.5,32.7
"351","Down",59.2,214.6,226.5,31
"352","Up",55.9,213.8,226.4,29.6
"353","Up",70.4,213.9,226.4,28.9
"354","Down",73.1,213.7,226.4,28.4
"355","Up",61.3,213.9,226.4,27
"356","Up",59.6,213.7,226.4,25.9
"357","Up",61.1,213.8,226.3,24.3
"358","Up",66.8,213.8,226.1,23.1
"359","Up",67.6,214,225.9,22.3
"360","Up",63.9,214.1,225.7,21.6
"361","Up",62.7,214.2,225.4,20.5
"362","Up",54.1,214.5,224.8,19.5
"363","Down",55.8,214.8,224.3,18.8
"364","Down",44.5,215,224,18
"365","Up",20.7,215.2,223.4,18.1
"366","Up",21.9,215.3,222.8,18.3
"367","Down",19.5,215.5,222.2,18.2
"368","Up",15.4,215.4,221.5,18.3
"369","Up",18.3,215.3,221,18.4
"370","Up",16.7,214.9,220.4,18.6
"371","Up",43.9,214.8,219.8,17.5
"372","Up",47.7,214.7,219.3,16.5
"373","Up",56,214.5,218.9,16
"374","Up",65.5,214.3,218.5,15.9
"375","Up",70.1,214.3,218,16.3
"376","Up",74.5,214.4,217.6,16.8
"377","Up",87.5,214.9,217.2,18.5
"378","Down",92.1,215.3,216.9,20.3
"379","Up",86.2,215.6,216.5,22.1
"380","Up",89.3,216.2,216.2,24.1
"381","Down",90.9,216.8,216.1,26.5
"382","Down",69.1,217.2,216,27.6
"383","Up",61.2,217.5,216.1,27.5
"384","Up",66.6,218.1,216.2,27.8
"385","Down",68.7,219.1,216.5,28.5
"386","Up",62.4,220,216.7,29.2
"387","Up",65.3,221,217,30
"388","Up",68,222.2,217.3,31
"389","Down",67.5,223.4,217.6,32
"390","Up",52.5,224.4,217.9,32.4
"391","Up",64.3,225.4,218.2,33.2
"392","Down",72.9,226.8,218.8,34.6
"393","Down",56.5,227.7,219.2,35.2
"394","Down",42,228.1,219.5,33.7
"395","Up",35,228.2,219.7,31.6
"396","Down",43.5,228.5,220.1,29.7
"397","Down",40.9,228.4,220.4,27.7
"398","Up",34.3,228,220.6,26.1
"399","Down",33.2,227.7,220.8,25.4
"400","Up",28.6,227,220.8,24.6
"401","Up",26.8,226.3,220.8,24.8
"402","Up",39.9,226,220.9,23.8
"403","Up",45.9,225.9,221,22.6
"404","Down",51.5,225.8,221,21.3
"405","Down",46.1,225.4,221.1,20.4
"406","Down",37.1,224.9,221.2,20.2
"407","Down",33.1,224.1,221.1,20.6
"408","Down",27,222.9,220.9,21.8
"409","Down",20.3,221.4,220.6,23.5
"410","Down",16.3,219.9,220.2,25.3
"411","Up",14.3,218,219.7,27.4
"412","Down",22.2,216,219.4,29.2
"413","Down",18.5,214.1,218.9,30.7
"414","Down",15.7,212.4,218.4,32.6
"415","Up",9.9,210.5,217.9,34.9
"416","Up",17.1,208.5,217.4,36.9
"417","Down",19.3,206.7,216.9,38.9
"418","Up",17.2,204.8,216.4,40.8
"419","Up",28.9,203.2,215.9,42.7
"420","Up",33.4,201.8,215.5,44.1
"421","Up",44.3,200.5,215.1,43.9
"422","Up",50.7,199.1,214.7,43.7
"423","Down",55.5,197.7,214.2,43.1
"424","Up",45.5,195.8,213.7,42.9
"425","Up",51.7,194.2,213.1,42.2
"426","Up",56.1,193,212.6,41.3
"427","Up",64,192,212,40
"428","Up",70.3,191.4,211.3,38.2
"429","Up",70.2,191,210.7,36.6
"430","Up",78.3,191.1,210.2,34.2
"431","Down",76.1,191.3,209.6,32.1
"432","Up",49.9,191,208.9,31
"433","Up",53,190.9,208.3,30.2
"434","Up",53.6,191.1,207.6,29.1
"435","Down",60.4,191.9,207,27.4
"436","Up",47.9,192.3,206.3,26.6
"437","Down",49.2,192.7,205.6,26.3
"438","Down",41,193.2,204.8,26.1
"439","Down",32.8,193.2,203.9,26.4
"440","Down",28,193.1,203,27.8
"441","Up",22.5,192.6,202,29.1
"442","Up",32,192.3,200.9,29.6
"443","Up",35.6,191.9,199.9,30.2
"444","Up",48.4,192.1,199.2,29.7
"445","Down",62.3,192.4,198.8,27.9
"446","Down",61.7,192.6,198.2,26
"447","Up",58,192.6,197.6,24.5
"448","Up",57.5,192.5,197.1,23.2
"449","Up",55.9,192.4,196.6,22.2
"450","Up",64.9,192.2,196.2,20.8
"451","Up",68.3,192,195.9,19.8
"452","Down",69.8,192.2,195.4,18.8
"453","Down",59.5,192.2,194.8,18.4
"454","Up",34.8,191.8,194,19.2
"455","Up",51,191.5,193.4,19
"456","Up",55.3,191.6,193,19
"457","Down",66.1,192,192.8,18.1
"458","Up",51.6,192.3,192.5,17.1
"459","Down",54.3,192.8,192.4,16.5
"460","Up",51.2,193.3,192.4,16.1
"461","Down",51.3,194,192.4,15.4
"462","Down",46.2,194.4,192.2,14.4
"463","Down",41.4,194.7,192.2,13.6
"464","Down",33.5,194.5,192.1,13.8
"465","Down",28.7,193.8,192.1,14.2
"466","Down",22.6,192.9,192,15.2
"467","Up",16.9,191.9,191.7,16.9
"468","Down",17.2,191,191.6,18.7
"469","Up",12,190,191.4,20.3
"470","Up",23.2,189.1,191.2,21.2
"471","Up",21.9,188.1,190.9,22.2
"472","Down",24.4,187.1,190.6,23.2
"473","Up",23.5,186.2,190.2,24.1
"474","Down",54.2,186.1,190.1,22.9
"475","Down",43.1,185.4,189.9,21.8
"476","Up",41.3,184.5,189.6,21.1
"477","Up",52,183.3,189.3,19.7
"478","Up",60.1,182.7,189.1,18.7
"479","Down",65.8,182.1,188.9,18.2
"480","Up",63.7,181.6,188.5,18.1
"481","Down",68.9,181.1,188.3,18
"482","Down",64.7,180.7,188.1,17.5
"483","Up",46.4,180.1,187.8,16.4
"484","Up",43.5,179.7,187.5,16
"485","Down",40.7,179.3,187.1,15.2
"486","Down",32.5,179.1,186.7,14.8
"487","Down",20.5,178.6,186.1,15.9
"488","Down",13.6,177.9,185.5,17.8
"489","Up",10.3,177,184.9,19.6
"490","Up",16.4,176,184.3,21.4
"491","Down",32.5,175.4,184,21.8
"492","Down",31.1,174.7,183.6,21.6
"493","Down",30.4,174.1,183.1,21.4
"494","Down",30,172.9,182.5,21.3
"495","Up",23,171.7,181.6,22.1
"496","Up",27.8,170.7,180.8,23.3
"497","Down",29,169.5,180.1,24.2
"498","Up",25.8,168,179.3,25.6
"499","Up",47.6,166.8,178.6,25.8
"500","Up",48.4,165.6,177.9,25.9
"501","Down",62.4,164.5,177.3,24.8
"502","Up",56.5,163.3,176.6,23.8
"503","Up",61.7,162.7,176,22.5
"504","Up",71.7,162.4,175.7,21.7
"505","Up",76.6,162.3,175.4,21.5
"506","Down",81.6,162.7,175.1,21.9
"507","Down",78.5,163.3,174.6,22.4
"508","Up",74.6,164.2,174.3,21.8
"509","Down",81.3,165.6,174,22
"510","Up",72.5,166.7,173.7,22.2
"511","Up",74.4,167.6,173.4,22.4
"512","Up",80.5,168.9,173.3,23.5
"513","Up",82,170.4,173.4,24.8
"514","Up",86.6,172.3,173.6,26.7
"515","Down",86,174.6,174,28.5
"516","Down",70.2,176.5,174.3,29.2
"517","Down",61.9,178.3,174.6,29.3
"518","Up",54.4,180,174.9,28.3
"519","Up",57.7,181.5,175.2,27.3
"520","Up",55.3,183.1,175.5,25.9
"521","Up",58.4,184.4,175.8,24.6
"522","Up",61.9,186.1,176.2,23.8
"523","Up",63.9,187.6,176.6,23.5
"524","Up",62.3,188.9,176.8,23.3
"525","Up",69.2,190.1,177.3,23.3
"526","Down",71.7,191.1,177.8,23.8
"527","Up",61.7,192.1,178.1,23.7
"528","Up",71,193.4,178.5,23.8
"529","Up",81.6,194.7,179,24.8
"530","Up",85.5,196.3,179.6,25.9
"531","Up",89.4,197.9,180.1,27.4
"532","Down",86.2,199.2,180.7,28.8
"533","Down",57.7,199.8,181.2,28.1
"534","Down",47.2,199.8,181.7,26.4
"535","Down",35.2,199.5,182,25
"536","Up",24.2,198.8,182.2,25.3
"537","Up",37,198.8,182.7,25.4
"538","Up",36.6,198.9,183.3,25.2
"539","Up",34.5,198.8,184,25.3
"540","Down",35.5,198.9,184.6,24.9
"541","Down",31.8,198.6,185.1,24.8
"542","Up",28.5,198.2,185.6,24.5
"543","Up",26.9,197.7,186,24.3
"544","Up",41.2,197.5,186.6,23.4
"545","Up",49.2,197.2,187.4,21.8
"546","Up",55.1,196.9,188.2,20.3
"547","Down",74.9,197.2,189.2,20.2
"548","Down",63.1,197,190.1,20.1
"549","Down",51.6,196.1,190.8,18.9
"550","Up",41.1,194.8,191.3,18.2
"551","Up",49.6,193.7,191.8,17.5
"552","Down",54.1,192.7,192.5,16.4
"553","Up",45.8,191.9,192.9,15.8
"554","Down",47.2,191.4,193.3,15.3
"555","Up",37.4,190.8,193.4,15.6
"556","Down",41,191,193.5,16
"557","Up",37,190.6,193.6,16.3
"558","Up",34.7,190.2,193.7,16.8
"559","Up",40.3,189.9,193.7,16.5
"560","Up",41.7,189.7,193.8,16
"561","Up",42.7,189.6,193.9,15.6
"562","Down",44,189.5,193.8,15.3
"563","Up",36.7,189.3,193.6,15.6
"564","Down",34.3,188.8,193.2,16
"565","Up",28.8,188.1,192.8,16.8
"566","Down",40.6,187.5,192.6,16.9
"567","Up",36.3,186.2,192.4,16.6
"568","Up",53.4,185.5,192.3,16.4
"569","Down",58.6,185.2,192.2,15.5
"570","Up",54.8,185.1,192.1,14.7
"571","Down",53.3,184.8,191.9,14
"572","Down",41.3,184.1,191.7,14.4
"573","Down",31,183.5,191.3,15.1
"574","Down",28.2,182.8,190.9,16.1
"575","Down",24.7,182.5,190.4,17.4
"576","Down",16.4,181.7,189.7,19.3
"577","Up",13.4,180.9,189.1,21.4
"578","Up",26.3,180.3,188.4,23.2
"579","Down",37.6,179.7,187.7,24.1
"580","Down",29.6,178.8,186.8,25.2
"581","Down",21,177.6,185.8,27.3
"582","Down",18.9,176.2,184.7,29.6
"583","Down",17.2,175,183.7,30.9
"584","Down",15.2,173.6,182.7,32.5
"585","Down",13.6,172.1,181.9,34.1
"586","Down",12.6,170.4,181.2,35.7
"587","Up",10.3,168.6,180.3,37.5
"588","Down",15.4,166.7,179.4,39.2
"589","Up",12.3,164.5,178.5,40.9
"590","Up",19.5,162.5,177.5,42.5
"591","Up",20.8,160.5,176.7,43.3
"592","Up",19.6,158.6,175.8,44
"593","Down",20.6,156.9,175,44.7
"594","Up",19,155.2,174,45.6
"595","Up",37.8,153.7,173,45.8
"596","Up",41.3,152.5,172,45.6
"597","Up",60.7,151.6,170.9,44.1
"598","Down",64.3,150.6,169.9,42.5
"599","Up",51.8,149.3,168.9,41.6
"600","Down",65.9,148.4,168.3,39.9
"601","Up",49.8,147.6,167.3,38.4
"602","Up",55.5,147.1,166.4,37.4
"603","Up",60.6,146.7,165.6,35.8
"604","Up",66.6,146.7,164.9,33.4
"605","Up",65.1,146.9,164.3,31.2
"606","Down",70.6,147.2,163.7,29.5
"607","Up",64.1,147.7,163.2,28.5
"608","Up",73.2,148.4,162.7,27.7
"609","Down",76.2,149.5,162.3,27.6
"610","Up",53.4,150,161.7,25.7
"611","Down",59.7,150.7,161.1,24
"612","Down",48.3,151.1,160.4,23.2
"613","Up",44.5,151.4,159.8,22.9
"614","Up",45.2,151.8,159.2,22.6
"615","Up",53.9,152.4,158.7,21.3
"616","Down",53.3,152.9,158.2,20
"617","Up",49.9,153.2,157.6,18.9
"618","Up",52.3,153.5,157.1,17.9
"619","Up",54.7,154,156.5,17.2
"620","Up",55.7,154.4,156,16.6
"621","Up",66.6,155.2,155.5,17
"622","Up",70.7,155.9,155.1,17.7
"623","Up",79.5,156.7,154.9,18.9
"624","Up",88.2,157.5,154.8,20.4
"625","Down",90.3,158.3,154.6,21.9
"626","Up",87.4,158.9,154.6,22.9
"627","Up",83,159.5,154.6,23.7
"628","Up",88.5,160.1,154.7,25.4
"629","Down",86.1,160.6,154.7,27.1
"630","Up",66.3,161.4,154.7,27.5
"631","Up",63.8,161.9,154.8,27.2
"632","Up",67,162.8,155.1,27
"633","Down",67.7,163.9,155.4,26.9
"634","Down",46.3,164.7,155.6,25.5
"635","Down",39,165.1,155.9,23.9
"636","Down",34.5,165.5,156.2,22.5
"637","Up",26,165.8,156.5,21.9
"638","Down",25.3,166.1,156.8,21.4
"639","Down",19.3,166.1,157.2,21.7
"640","Down",11.3,165.8,157.3,23.1
"641","Up",6.4,164.9,157.3,25.2
"642","Up",16.1,164.1,157.3,27.3
"643","Up",15.6,163,157.3,28.9
"644","Up",18.7,161.9,157.4,30.3
"645","Up",18.2,160.7,157.5,31.7
"646","Up",27.9,159.7,157.5,32.1
"647","Up",31.9,158.8,157.5,31.8
"648","Down",40.6,157.6,157.5,31.5
"649","Down",37.3,156.4,157.5,31.2
"650","Down",34.5,155.3,157.4,31.3
"651","Up",31.4,154.1,157.4,31.6
"652","Up",31.4,152.7,157.3,32.1
"653","Up",45.7,151.5,157.3,32.1
"654","Up",46.3,150.5,157.1,31.8
"655","Down",45.7,149.5,157,31.5
"656","Down",37.4,148.5,156.7,31.6
"657","Up",29.5,147.6,156.5,32
"658","Down",37.3,146.7,156.1,32.4
"659","Down",32.6,145.8,155.7,32.9
"660","Up",18.2,145.1,155.3,34.5
"661","Down",16.5,144.7,154.9,36.1
"662","Up",13.5,144,154.5,37.8
"663","Up",28.1,143.6,154.2,39.4
"664","Down",27.3,143,153.9,40.7
"665","Up",24.3,142.4,153.5,42.1
"666","Down",32.7,141.8,153.1,43.3
"667","Up",28.6,141,152.6,44.4
"668","Up",28.2,140.2,152.2,45.6
"669","Up",46,139.6,151.8,45.4
"670","Up",50.6,139.1,151.4,44.1
"671","Up",51.6,138.8,150.9,43.1
"672","Up",53.8,138.4,150.3,42.4
"673","Up",53.2,137.9,149.8,41.7
"674","Up",76.1,137.7,149.2,39.3
"675","Up",87.1,137.9,148.8,38.6
"676","Down",93.2,138.8,148.7,39.4
"677","Up",88.6,139.6,148.5,40.3
"678","Down",92.1,140.8,148.4,41.6
"679","Up",83.5,141.9,148.2,43
"680","Up",83.8,143.4,148.1,43.7
"681","Up",85,145,148.1,44.4
"682","Up",84.9,146.6,148,45.1
"683","Down",85.4,148.2,148,45.9
"684","Up",78.4,149.8,148,46.4
"685","Up",74.5,151.4,148,46.5
"686","Down",74.5,152.9,148,46.6
"687","Down",60.7,154.4,148.1,43.7
"688","Down",41.7,155.7,148,41
"689","Up",33.5,156.8,148,38.2
"690","Up",32.6,157.9,148.2,35.5
"691","Up",50.8,159.3,148.6,34
"692","Up",48.8,160.6,149,33.1
"693","Down",49.6,162,149.4,31.8
"694","Up",38.8,163,149.7,30.2
"695","Up",45.6,163.6,150,28.8
"696","Down",58.7,163.9,150.4,28
"697","Up",53.2,164.2,150.7,27.2
"698","Up",52.7,164,150.9,26.2
"699","Down",52.3,164,151.3,25.4
"700","Down",41.8,163.8,151.5,23.6
"701","Down",22.9,163,151.7,24.1
"702","Up",17,162,151.7,25
"703","Up",22.2,161,151.7,26.1
"704","Up",29.5,160.2,151.8,26.5
"705","Up",30.9,159.4,151.9,26.4
"706","Up",30.8,158.7,152.1,26.2
"707","Up",32.7,158.1,152.3,25.9
"708","Up",46.2,157.8,152.5,24.6
"709","Down",48.5,157.7,152.8,23.3
"710","Up",44.4,157.4,153.1,22
"711","Down",48.7,156.9,153.5,20.8
"712","Down",44.9,156.4,153.9,20
"713","Up",34.7,155.6,154.2,20.1
"714","Down",36.9,155,154.4,20.3
"715","Up",30.2,154.2,154.7,20.9
"716","Up",27.1,153.1,154.9,21.6
"717","Up",31.9,152.2,155.1,22.1
"718","Up",30.4,151.4,155.4,22.6
"719","Up",37.1,150.6,155.6,22.5
"720","Up",52.4,150.1,155.9,21.5
"721","Up",62.3,150.2,156.2,20.3
"722","Up",72.8,150.8,156.6,20
"723","Up",73.2,151.2,157,20
"724","Up",78,151.6,157.4,20
"725","Up",87.5,152.1,157.6,21.3
"726","Up",91.6,152.8,157.7,22.6
"727","Up",91.8,153.5,157.8,24.1
"728","Down",94.6,154.1,157.8,25.7
"729","Down",84,154.6,157.9,27.6
"730","Down",78.9,155.2,157.9,29.3
"731","Up",71.7,155.7,157.8,30.3
"732","Up",74.5,156.3,157.8,30.5
"733","Up",75.7,157.3,157.8,30.9
"734","Up",77,158.3,157.8,30.1
"735","Up",78.6,159.5,157.9,29.9
"736","Down",78,160.7,158,29.5
"737","Up",54.7,161.7,158,28.3
"738","Up",53.9,162.7,158.2,26.9
"739","Up",58.8,163.7,158.4,26.1
"740","Up",59.5,164.6,158.6,25.6
"741","Up",57.6,165.4,158.7,24.9
"742","Up",75.4,166.2,158.9,25.5
"743","Up",83.1,167.3,159.2,26.7
"744","Down",86.6,168.5,159.6,28.5
"745","Up",78.3,169.3,159.9,29.8
"746","Down",81.2,170.2,160.2,31
"747","Down",76.1,171,160.5,32.2
"748","Down",69.8,171.6,160.8,32.3
"749","Up",62.4,172.2,161.1,32.1
"750","Down",62.3,172.8,161.4,31.9
"751","Up",54.9,173.4,161.9,31.1
"752","Down",67.2,174.1,162.7,31.1
"753","Down",62,174.8,163.3,31.1
"754","Up",47.3,175.2,163.8,30
"755","Up",50.3,175.6,164.4,28.6
"756","Up",50.5,176,164.9,27.7
"757","Down",47.3,176.6,165.5,27
"758","Down",39.6,177.1,165.9,25.5
"759","Down",34.6,177.4,166.3,24.3
"760","Up",23.9,177.5,166.6,23.8
"761","Up",41.8,177.8,167,23.5
"762","Down",41.6,177.8,167.4,22.8
"763","Down",34.9,177.5,167.9,22.7
"764","Up",25.2,176.7,168.3,23.6
"765","Down",60.4,176.9,169,22.2
"766","Down",56.1,176.8,169.7,20.8
"767","Up",50.9,176.6,170.3,19.6
"768","Up",50.5,176.4,170.9,18.9
"769","Up",50.9,176.4,171.4,17.9
"770","Down",49.8,176.3,171.9,17.1
"771","Up",44,176.1,172.3,17
"772","Up",42.6,175.6,172.6,16.9
"773","Down",43.3,175.2,172.9,17.1
"774","Up",37.4,174.9,173.2,17.4
"775","Down",34.7,174.5,173.3,17.9
"776","Up",30.3,174,173.4,18.5
"777","Up",32.8,173.6,173.5,19.1
"778","Up",43.7,173.4,173.6,19.1
"779","Down",46.2,173.3,173.7,18.3
"780","Up",30.2,173.2,173.8,18.6
"781","Down",43,173,173.9,19
"782","Down",38.5,172.7,174,19.2
"783","Up",30.3,172.4,174,19.9
"784","Down",39,172.4,173.9,20.6
"785","Up",23.6,171.2,173.7,22.8
"786","Down",22.9,170.1,173.4,24.8
"787","Up",20.8,169.1,173.2,26.9
"788","Up",26.7,168.2,173.1,28.3
"789","Up",39.9,167.5,172.9,28.4
"790","Up",40.9,166.8,172.8,28.2
"791","Up",43.9,166.3,172.7,27.8
"792","Down",44.2,165.9,172.5,27.2
"793","Down",40.6,165.3,172.1,26.9
"794","Up",32.9,164.7,171.6,27.3
"795","Up",39.8,164.2,171.2,28
"796","Up",41.6,163.7,170.8,28.2
"797","Down",41.2,163.1,170.4,28.9
"798","Down",26.6,162.2,169.9,30.1
"799","Down",18.2,161,169.3,31.9
"800","Up",12.2,159.8,168.6,34.1
"801","Up",18.8,158.5,168,36.2
"802","Down",16.5,157.3,167.3,37.8
"803","Up",13.1,156.2,166.5,39.5
"804","Up",17.7,155,165.9,41.1
"805","Up",24.7,154.3,165.2,42
"806","Down",40.8,153.9,164.6,41.6
"807","Down",35.2,153.3,163.9,40.8
"808","Up",32.5,152.6,163.3,40.5
"809","Down",35.4,151.7,162.7,39.9
"810","Down",30.8,150.6,162.1,39.7
"811","Up",26.2,149.4,161.3,39.9
"812","Up",41,148.3,160.7,40.3
"813","Up",43.7,147.4,160.1,40.3
"814","Up",47.1,146.6,159.6,40
"815","Up",60.1,146,158.9,38
"816","Up",64,145.4,158.2,35.8
"817","Up",68.5,144.9,157.7,33.4
"818","Up",76.3,144.9,157.2,31.6
"819","Up",81.7,145.3,156.8,30.7
"820","Up",81.6,145.9,156.5,29.8
"821","Down",86.1,146.5,156.1,29.4
"822","Up",73.4,147,155.8,28.4
"823","Down",78.1,147.7,155.5,27.6
"824","Up",63.8,148.2,155.2,25.8
"825","Down",63.2,148.6,154.8,24.1
"826","Down",44.3,148.6,154.4,23.1
"827","Up",39.4,148.7,154,22.9
"828","Up",43.3,149,153.5,22.4
"829","Up",41.2,149.3,153.1,21.8
"830","Down",60.9,150.1,152.8,21.3
"831","Down",52.8,150.9,152.5,20.7
"832","Up",45.3,151.4,152.2,19.6
"833","Up",49.6,152,151.9,18.6
"834","Down",70.6,153.1,151.9,19.6
"835","Up",68.9,153.9,152,20.8
"836","Up",74.3,154.9,152.1,22
"837","Down",75.9,155.7,152.4,23.5
"838","Down",67.4,156.3,152.5,23.8
"839","Down",60.4,156.5,152.5,23.4
"840","Up",45,156.4,152.3,21.9
"841","Up",50.1,156.5,152.2,20.4
"842","Up",55.1,156.8,152.2,19.4
"843","Down",56.4,157,152.2,18.8
"844","Down",51.3,157.4,152.2,17.9
"845","Down",48.8,157.7,152.2,17.7
"846","Up",33,157.8,152.1,16.9
"847","Up",30,158,151.9,16.4
"848","Up",27.1,158.2,151.9,15.9
"849","Up",30.4,158.3,152,15.4
"850","Down",38.4,158.2,152.2,14.4
"851","Down",33.5,158.2,152.4,13.5
"852","Down",31.9,158.2,152.5,12.8
"853","Up",27,158,152.6,12.7
"854","Down",34,157.3,152.8,12.5
"855","Up",20.6,156.3,152.8,13.1
"856","Up",35.4,155.4,152.8,13.1
"857","Down",36.7,154.5,152.8,13.4
"858","Up",31,153.5,152.9,13.7
"859","Down",32,152.7,152.9,14
"860","Down",21.4,151.9,152.8,15.5
"861","Down",17,150.7,152.7,17.7
"862","Up",13.7,149.1,152.5,20
"863","Down",12.5,147.5,152.2,22.2
"864","Down",10.9,145.9,151.9,24.3
"865","Up",9.6,144.3,151.5,26.4
"866","Up",23,143.2,151.2,28.2
"867","Down",36.8,142.3,150.9,28.7
"868","Down",32.7,141.2,150.4,29
"869","Up",24.3,139.8,149.8,30.3
"870","Up",23.7,138.2,149.2,31.7
"871","Down",28.5,136.9,148.5,32.9
"872","Up",28.3,135.5,147.9,34.3
"873","Down",39.1,134.3,147.3,34.8
"874","Up",36.6,133,146.7,35
"875","Up",44,132.1,146.2,35.1
"876","Up",47.5,131,145.7,35.3
"877","Down",64.4,130.2,145.4,33.3
"878","Down",45.1,129.2,144.9,31.7
"879","Up",43.2,128.2,144.4,30.5
"880","Down",50.9,127.7,143.8,28.8
"881","Up",48.5,127.3,143.3,27.1
"882","Up",57,127.3,142.8,25.3
"883","Down",64.8,127.4,142.4,24.4
"884","Down",49.1,127.3,141.6,23
"885","Down",46.2,127.2,140.9,21.9
"886","Down",34.6,126.6,139.9,22.3
"887","Down",30.7,125.8,138.9,23
"888","Up",25.3,124.9,137.9,23.9
"889","Down",26.3,124.4,136.9,25.4
"890","Down",19.5,123.6,136,26.5
"891","Up",14.7,122.6,135,28
"892","Down",23,121.8,133.9,29.5
"893","Up",19.2,120.7,132.7,31
"894","Up",26.2,119.8,131.7,31.5
"895","Down",31.2,118.9,130.6,32
"896","Up",29.7,117.9,129.7,32.1
"897","Up",33.7,116.7,128.9,32.2
"898","Down",35.6,115.8,128,31.8
"899","Down",24.1,114.6,126.9,32.7
"900","Up",20.1,113,125.7,34
"901","Up",19.7,111.5,124.6,35.5
"902","Up",20.3,109.8,123.5,35.2
"903","Down",27.6,108.1,122.4,35
"904","Down",25.9,106.6,121.3,34.7
"905","Down",23.9,105.1,120.4,34.5
"906","Down",16,103.8,119.2,34.8
"907","Down",10.8,102.3,118,35.7
"908","Up",8.3,100.9,116.8,36.8
"909","Up",12.3,99.5,115.6,37.7
"910","Down",22.4,98.4,114.6,38.4
"911","Up",16.1,97.3,113.6,39.5
"912","Up",19.6,96,112.7,40.7
"913","Up",43.2,95.2,111.8,39.9
"914","Up",47.3,94.4,111.1,39.1
"915","Up",56.4,93.6,110.4,37.5
"916","Down",69.1,93.2,109.8,35
"917","Up",69.2,92.8,109.1,33
"918","Down",76.4,92.5,108.5,31.5
"919","Down",74.8,92.6,108,30.5
"920","Up",71.5,92.8,107.6,29.2
"921","Up",75.9,93.1,107.1,28.1
"922","Down",85.1,93.9,106.8,28.6
"923","Down",63.4,94.2,106.4,27.5
"924","Up",51.3,94.2,105.8,25.9
"925","Up",50.3,94.3,105.2,24.2
"926","Down",48.9,94.5,104.6,22.5
"927","Up",43.2,94.9,103.9,21
"928","Down",42,95.5,103.3,19.8
"929","Up",33.6,95.8,102.7,19
"930","Up",31.2,96,102,18.3
"931","Up",36.7,96.6,101.3,17.3
"932","Down",34.9,97.2,100.6,16.1
"933","Up",32.7,97.4,99.9,15.3
"934","Up",31.6,97.6,99.2,14.3
"935","Up",41.5,97.8,98.6,13.5
"936","Up",39.4,97.5,98.1,12.5
"937","Up",61.5,97.5,97.7,12.3
"938","Down",67.3,97.2,97.4,12.4
"939","Down",45.1,96.8,97,11.5
"940","Up",39.8,96.4,96.7,11
"941","Up",53,96.1,96.5,10.4
"942","Up",60.4,95.4,96.3,10.2
"943","Up",63.5,95.1,96.2,10.1
"944","Up",69,95.2,96,10.5
"945","Up",67.6,95.3,95.8,11.2
"946","Down",69.5,95.4,95.7,11.6
"947","Up",49.5,95.5,95.4,11.2
"948","Down",64.9,95.7,95.3,10.6
"949","Up",61.8,96.1,95.3,10.4
"950","Up",78.4,96.9,95.6,11.9
"951","Up",83.9,97.9,95.9,14.4
"952","Down",86.5,99.1,96.3,16.9
"953","Down",72.2,100,96.6,18.4
"954","Down",63.8,100.8,96.9,19.1
"955","Down",52.4,101.2,97.1,18.5
"956","Down",49.6,101.7,97.3,17.6
"957","Up",43.5,101.9,97.6,16.5
"958","Up",41.9,102,97.9,15.4
"959","Up",48.8,102.6,98.3,14.4
"960","Up",52.2,103.2,98.6,14
"961","Down",59.9,104,99.2,14.3
"962","Down",52.6,104.5,99.7,14.5
"963","Up",41.7,104.8,100,13.9
"964","Up",39.1,105,100.3,13.2
"965","Down",49.6,105.4,100.5,13
"966","Up",46.8,105.7,100.7,13.2
"967","Up",49.9,106.2,100.8,13
"968","Up",54.9,106.5,100.9,13.1
"969","Up",66.5,107,101,13.8
"970","Up",70.2,107.1,101.3,14.9
"971","Up",71.6,106.9,101.4,15.7
"972","Up",77.2,106.8,101.5,16.9
"973","Up",82.3,107,101.8,18.8
"974","Up",87.3,107.5,102.2,20.2
"975","Down",91.5,108.4,102.7,22.2
"976","Down",87.8,109.3,103.2,23.1
"977","Down",77.6,110.2,103.7,23.9
"978","Down",66.7,111,104.1,24
"979","Up",49.2,111.5,104.5,23.1
"980","Up",47.8,111.8,104.9,22.1
"981","Up",45.8,112,105.3,21.2
"982","Down",59.5,112.5,105.8,21.1
"983","Up",51,113.1,106.3,21.2
"984","Up",58.3,113.9,106.8,21.4
"985","Up",69.8,114.8,107.4,22.6
"986","Down",73,115.9,108,23.9
"987","Up",67.9,116.9,108.6,25.3
"988","Down",71.2,117.9,109.2,26.6
"989","Up",64.7,118.7,109.8,27.5
"990","Up",66.7,119.4,110.4,28.3
"991","Down",71.9,120.2,111.1,29.4
"992","Up",54.1,120.6,111.6,28.9
"993","Down",57.4,120.9,112.1,28
"994","Down",50.3,121.1,112.6,27.2
"995","Up",43.3,121,113,25.7
"996","Down",46.7,121,113.4,24.2
"997","Down",41.5,121.1,113.9,22.9
"998","Up",32.7,121.2,114.3,21.5
"999","Up",36.3,121.6,114.7,20.4
"1000","Up",35.1,121.9,114.9,19.1
"1001","Up",50.8,122.4,115.1,18.2
"1002","Down",52.9,122.7,115.3,17.7
"1003","Up",38.5,122.9,115.4,16.9
"1004","Up",42.2,122.9,115.6,16.5
"1005","Up",51.9,122.8,116,15.4
"1006","Down",59,122.6,116.4,14.7
"1007","Down",52.1,122.4,116.8,14
"1008","Down",34.7,121.9,117.1,14.3
"1009","Up",23.2,121.1,117.2,16
"1010","Down",22,120.4,117.3,17.9
"1011","Down",19.5,119.4,117.2,19.8
"1012","Up",14.2,118.5,117.2,22.1
"1013","Up",34.2,117.8,117.3,22.8
"1014","Up",35.2,117.2,117.4,23.4
"1015","Down",44.3,116.8,117.5,23.1
"1016","Down",43.2,116.3,117.7,22.8
"1017","Up",39.7,115.7,117.8,23
"1018","Up",43.5,115.4,117.9,23.1
"1019","Down",45.8,114.9,117.9,23.1
"1020","Up",41.2,114.4,117.9,23.4
"1021","Down",45.2,113.7,117.8,23.4
"1022","Up",36.4,112.9,117.7,24
"1023","Down",42,112.3,117.5,24.8
"1024","Up",38.6,111.6,117.2,25.4
"1025","Up",47.8,110.9,117,25.3
"1026","Down",45.2,110.1,116.7,25.2
"1027","Up",35.3,109.3,116.4,25.5
"1028","Up",39,108.9,116.2,25.7
"1029","Up",43.6,108.8,116.1,25.4
"1030","Up",43.6,108.7,116,25
"1031","Up",51.4,108.7,115.9,24.6
"1032","Down",62.1,109.1,115.8,22.8
"1033","Up",48.7,109,115.6,21.3
"1034","Up",68.6,109.1,115.5,20.5
"1035","Up",78.9,109.4,115.4,21.4
"1036","Up",81.3,109.7,115.2,22.5
"1037","Up",86.3,110.4,115.2,24.2
"1038","Down",89.2,111.2,115.2,26.2
"1039","Down",82.9,111.9,115.2,28.2
"1040","Up",73.5,112.5,115.1,29.2
"1041","Up",74.2,113.2,115.1,30.2
"1042","Up",76.3,114.2,115.1,30.8
"1043","Up",78.9,115.1,115.2,31.9
"1044","Down",82,116.3,115.3,33.1
"1045","Up",67.3,117.2,115.5,33.8
"1046","Up",69.8,118.2,115.6,34.4
"1047","Up",75.5,119.5,115.8,35.6
"1048","Up",76.6,120.9,116.1,36.9
"1049","Up",78.9,122.3,116.4,38.4
"1050","Up",84.4,124,116.8,40.3
"1051","Down",90.1,126,117.4,42.8
"1052","Down",86.5,127.9,117.9,45.3
"1053","Up",81,129.9,118.4,46.7
"1054","Down",84.6,131.8,119.1,48.2
"1055","Up",74.4,133.3,119.6,49.7
"1056","Up",75.9,134.9,120.1,51
"1057","Up",75.7,136.2,120.7,52.2
"1058","Up",81.4,137.7,121.5,53.7
"1059","Up",81.8,139.3,122.4,55.2
"1060","Down",78.5,140.9,123.4,56.4
"1061","Up",64.9,142.4,124.3,56.7
"1062","Up",63.3,143.8,125.2,56.9
"1063","Up",68.2,145.2,126.2,57
"1064","Down",75.8,146.8,127.2,57.5
"1065","Up",62.8,148.4,128.1,58
"1066","Up",69.1,150,129.1,58.6
"1067","Down",69.4,151.4,130.1,59
"1068","Up",59.1,152.6,131,58
"1069","Down",60.8,153.8,132,56.2
"1070","Up",51.6,154.6,132.9,54.7
"1071","Down",49.4,154.9,133.9,53.5
"1072","Up",42.4,155.3,134.8,52.1
"1073","Up",50.1,155.8,135.8,50.7
"1074","Down",49.2,156,136.9,49.6
"1075","Up",43.2,156.4,137.8,48.3
"1076","Up",42.9,156.7,138.8,47
"1077","Up",69,157.4,139.9,47.2
"1078","Down",75.9,157.9,141.1,48.1
"1079","Up",52.9,158.1,142.2,49.4
"1080","Up",65.1,158.6,143.3,50.5
"1081","Up",71,159.5,144.6,51.7
"1082","Up",81.4,161.1,146.1,53.9
"1083","Down",88.5,163.4,147.9,56.1
"1084","Down",83.3,165.3,149.7,58.2
"1085","Up",80,167.3,151.2,60.2
"1086","Up",79.7,169.1,152.8,62
"1087","Down",84,171.4,154.5,63.8
"1088","Down",78.9,173.8,156.1,65.6
"1089","Down",69.4,175.7,157.5,67.3
"1090","Down",61.6,177.6,159,67.7
"1091","Down",56.5,179.4,160.3,67.4
"1092","Up",50,181.1,161.6,66.4
"1093","Down",56.8,183,163,65.5
"1094","Up",52.3,184.9,164.3,64.9
"1095","Up",56.9,187,165.7,64.4
"1096","Up",53.4,189.2,167.1,64
"1097","Up",60.8,191.2,168.6,63.9
"1098","Down",63,193.1,170,64
"1099","Down",52.8,195.1,171.3,62.8
"1100","Up",45.9,196.6,172.4,61
"1101","Down",44.1,197.8,173.3,59.1
"1102","Down",36.1,198.2,174.1,56.2
"1103","Up",33.5,197.5,175,52.6
"1104","Up",49.8,197.3,175.9,50.1
"1105","Down",49.2,197.2,176.8,48.2
"1106","Down",43.2,197.1,177.7,46.4
"1107","Up",35.2,196.2,178.5,44.1
"1108","Up",35.6,195.5,179.2,41.6
"1109","Down",45.9,195.3,179.9,39.9
"1110","Down",42.9,195.2,180.7,38.3
"1111","Up",38.4,195.2,181.4,36.3
"1112","Up",37.2,195.3,182.2,34.2
"1113","Up",61.4,195.4,183,33.2
"1114","Down",65,195.6,183.8,32.7
"1115","Up",62,195.6,184.6,32.3
"1116","Down",64,195.5,185.4,31.9
"1117","Down",55.7,195.1,186.1,30.6
"1118","Down",47.7,194.6,186.8,29.4
"1119","Down",30.8,193.9,187.3,28.1
"1120","Down",27.5,193.3,187.9,27.2
"1121","Down",23.4,192.7,188.4,25.7
"1122","Up",14.5,191.9,188.8,25.2
"1123","Up",28.8,191.4,189.2,24.9
"1124","Up",41.3,190.9,189.8,23.7
"1125","Up",43.7,190.4,190.4,22.3
"1126","Down",46.3,190.1,191.1,20.8
"1127","Up",42.3,189.9,191.5,19.6
"1128","Down",43.2,189.7,191.9,18.4
"1129","Up",41.2,189.1,192.4,17.3
"1130","Up",42.2,188.7,192.7,16.1
"1131","Up",50.2,188.4,193,15
"1132","Up",49.6,188.1,193,14.4
"1133","Up",62.9,187.6,192.7,13.5
"1134","Down",78.6,187.4,192.6,13.9
"1135","Up",64.7,187.1,192.5,14.3
"1136","Up",63.2,186.7,192.4,14.1
"1137","Up",67.4,186.6,192.1,13.9
"1138","Down",70.1,186.7,191.9,14.3
"1139","Down",53.3,186.8,191.7,14
"1140","Down",42.9,186.9,191.6,13.4
"1141","Up",35.2,186.8,191.3,13.7
"1142","Up",40.9,187.2,191.2,13.9
"1143","Down",40.9,187.4,191,13.9
"1144","Up",35.3,187.2,190.7,14.8
"1145","Up",35.9,186.9,190.4,15.6
"1146","Up",42.7,186.8,190.1,15.5
"1147","Down",49.8,186.9,189.8,15
"1148","Up",45.7,186.9,189.4,14.5
"1149","Up",63.9,187.3,189.3,14.3
"1150","Down",71.1,188,189.3,15
"1151","Down",60.8,188.3,189.2,15.2
"1152","Up",58.1,188.7,189.2,14.5
"1153","Down",62.5,188.9,189.3,14
"1154","Up",55.7,188.6,189.1,13
"1155","Down",66.2,188.8,189.1,12.7
"1156","Down",61.8,188.9,189.1,12.6
"1157","Down",56.7,188.9,189.2,12.2
"1158","Down",46.9,188.5,189.1,11.8
"1159","Up",42.1,188.4,189,11.5
"1160","Up",45.9,188.6,188.9,11.3
"1161","Up",47.7,189.1,188.9,10.6
"1162","Up",47.1,189.4,188.9,10
"1163","Up",54.7,189.9,188.8,9.9
"1164","Up",65.6,190.6,188.7,10.5
"1165","Down",73.8,191.5,188.8,11.8
"1166","Up",51.5,191.9,188.7,12.3
"1167","Up",53.2,192.2,188.6,12.5
"1168","Down",63.1,192.9,188.7,13.4
"1169","Up",56.1,193,188.9,14.3
"1170","Down",61.3,193,189.1,15.2
"1171","Down",49.9,193.1,189.4,15.2
"1172","Down",36.2,192.8,189.6,15.1
"1173","Up",24.1,191.9,189.4,16.3
"1174","Down",32.7,191.3,189.3,18
"1175","Up",30.2,190.4,189.1,19.5
"1176","Down",29.2,189.6,188.9,21
"1177","Up",26.3,188.8,188.7,22.5
"1178","Up",24.4,188.1,188.5,24
"1179","Up",24.5,187.5,188.4,25.2
"1180","Down",41.4,187.1,188.3,25.2
"1181","Up",40.1,186.6,188.2,25.4
"1182","Up",51.8,186.3,188.2,24.9
"1183","Up",57.2,185.9,188.1,23.9
"1184","Down",61,185.3,187.9,22.9
"1185","Up",59.4,184.5,187.7,22.6
"1186","Up",66.3,184,187.6,22.2
"1187","Down",82.9,183.9,187.6,20.8
"1188","Up",64,183.3,187.4,20.2
"1189","Up",64.3,182.9,187.3,19.6
"1190","Down",63.8,182.3,187.3,19.2
"1191","Down",54.7,181.9,187.4,18.5
"1192","Up",42.7,181.7,187.4,17.5
"1193","Up",47.9,182.1,187.3,16.8
"1194","Up",55,182.5,187.4,15.9
"1195","Up",63.4,183.1,187.6,15.9
"1196","Down",63.3,183.7,187.7,16.1
"1197","Down",56.4,184.3,187.7,15.7
"1198","Up",45.5,184.8,187.7,14.7
"1199","Up",60.8,185.6,187.6,13.9
"1200","Down",60.8,186,187.5,13.8
"1201","Up",49.5,186.4,187.4,12.9
"1202","Up",52.5,186.6,187.3,12.1
"1203","Up",63.9,187,187.3,11.9
"1204","Down",70.6,187.5,187.5,12.8
"1205","Down",59.5,188,187.4,13
"1206","Up",54,188.3,187.4,12.6
"1207","Up",62.2,188.5,187.4,13.1
"1208","Down",64.8,189.1,187.6,13.7
"1209","Up",53.6,189.4,187.7,13.3
"1210","Up",55.7,189.8,187.8,12.8
"1211","Up",65.8,190.5,188,13.4
"1212","Up",79.7,192.2,188.5,15.7
"1213","Up",81.1,193.8,188.9,18.1
"1214","Up",83.8,195.5,189.4,20.6
"1215","Up",84.9,197,189.8,22.9
"1216","Up",85.6,198.4,190.3,24.5
"1217","Down",89.2,200.2,190.9,26.4
"1218","Down",82.7,202.1,191.4,28.2
"1219","Up",68.2,203.4,191.8,28.8
"1220","Down",73.1,205,192.3,29.4
"1221","Down",68,206.6,192.8,30.1
"1222","Up",63.9,208.2,193.5,30.9
"1223","Down",62.7,209.5,194.4,31.5
"1224","Up",46,210.4,195.1,30.4
"1225","Up",49.1,211.7,195.9,29
"1226","Down",63.6,213.4,196.9,28.9
"1227","Up",58.7,214.9,197.9,29.1
"1228","Up",56.8,216.2,198.8,29
"1229","Down",54.9,217.7,199.8,29
"1230","Up",48.1,219,200.5,28.3
"1231","Down",53.5,220.1,201.4,27.7
"1232","Up",47,220.3,202.1,27.3
"1233","Up",44.5,220.5,202.8,26.2
"1234","Up",45.2,220.5,203.4,25.1
"1235","Up",47.3,220.5,204.2,24.4
"1236","Down",47.6,220.5,204.9,23.7
"1237","Down",38.8,220.2,205.4,22.3
"1238","Down",18,219.5,205.8,22.2
"1239","Up",11.8,218.8,206.2,23
"1240","Up",20.5,218.1,206.6,23.7
"1241","Up",20.8,217.4,207,24.5
"1242","Down",30.7,216.9,207.6,24.7
"1243","Down",28.4,216.3,208.1,24.9
"1244","Up",22.6,215.7,208.4,25.7
"1245","Down",44.2,215.3,208.8,25.1
"1246","Up",37,214.3,209.1,25
"1247","Up",44.1,213.5,209.5,24.9
"1248","Up",48,212.8,210,24.2
"1249","Down",61.2,212.4,210.5,22.6
"1250","Down",56.2,212.1,211,21.4
"1251","Down",47.3,211.3,211.4,20.2
"1252","Up",44.1,210.6,211.7,19.6
"1253","Down",48,210,212,18.8
"1254","Down",35.9,209,212,18.7
"1255","Up",26,207.5,212,19.8
"1256","Down",29.3,206.1,212,20.8
"1257","Up",19,204.1,211.6,22.8
"1258","Down",18.1,202.5,211.2,24.8
"1259","Down",13.9,200.9,210.8,27
"1260","Down",12.5,199.1,210.3,29
"1261","Up",9.8,197.1,209.7,31.1
"1262","Up",8.2,195,208.7,33.1
"1263","Down",14.8,193,207.7,34.9
"1264","Up",14,191.2,206.7,36.7
"1265","Down",19.5,189.1,205.7,38.4
"1266","Up",19.4,187.1,204.6,40.1
"1267","Down",25.5,185.1,203.5,41.3
"1268","Up",24.3,183,202.3,42.8
"1269","Down",34.5,180.5,201.4,44.2
"1270","Down",29.5,178.1,200.2,45.6
"1271","Down",27.5,175.8,199,47.1
"1272","Up",25.8,173.5,197.8,48.5
"1273","Up",25.1,171.2,196.6,49.9
"1274","Up",51.6,169.5,195.7,49.5
"1275","Up",51.5,168.3,194.6,48.4
"1276","Down",61.3,167.2,193.5,46.8
"1277","Down",47.6,166.6,192.3,43.7
"1278","Down",45.4,165.9,191.1,40.6
"1279","Up",40.9,165.4,189.9,38.1
"1280","Up",47.2,165.1,188.8,35.9
"1281","Up",46.7,164.9,187.6,33.6
"1282","Up",56.7,164.9,186.5,31.4
"1283","Up",57.2,164.7,185.5,29.8
"1284","Up",63,164.8,184.4,28.2
"1285","Up",64.6,164.8,183.4,26.9
"1286","Down",68.2,164.9,182.4,25.9
"1287","Up",39.8,164.6,181.2,24.6
"1288","Up",41.3,164.5,180.3,23.7
"1289","Down",42.1,164.3,179.5,22.7
"1290","Down",36.7,164.2,178.6,21.9
"1291","Down",23.1,163.9,177.6,22.3
"1292","Down",14.5,163.3,176.4,23.7
"1293","Up",12.2,162.6,175.2,25.4
"1294","Down",18.3,161.8,174.1,27
"1295","Up",14.1,160.7,172.8,28.6
"1296","Down",36.8,159.8,171.7,29.3
"1297","Up",32.9,159,170.5,29.9
"1298","Up",38.1,158.4,169.4,30.5
"1299","Up",44.3,158,168.1,30.1
"1300","Up",61.5,157.9,167.1,28.2
"1301","Up",66,157.9,166.2,26.9
"1302","Up",70.2,157.9,165.4,25.9
"1303","Down",73.9,157.9,164.6,25.6
"1304","Up",63.5,157.6,163.9,24.1
"1305","Down",67.7,157.4,163.4,22.8
"1306","Up",61.1,157,162.7,21.6
"1307","Up",60.9,157,162.4,20.5
"1308","Down",61.4,156.9,162.1,19.5
"1309","Down",56,156.7,161.9,18.5
"1310","Up",44.6,156.5,161.6,18.1
"1311","Up",50,156.7,161.5,18.1
"1312","Down",52.1,157.4,161.4,18
"1313","Up",45.3,158,161.2,17.8
"1314","Up",40.8,158.6,161,17.8
"1315","Up",66.3,159.7,161,16.8
"1316","Down",64.1,160.4,161,16.3
"1317","Down",45.2,161,160.9,15.9
"1318","Down",36.9,161.2,160.7,16.7
"1319","Up",23.3,160.9,160.2,18.5
"1320","Down",31.9,160.2,159.9,20.3
"1321","Up",25.3,159.2,159.6,22
"1322","Up",29.7,158.2,159.3,23.5
"1323","Down",41.4,157.3,159.1,23.4
"1324","Up",37.5,156.6,158.7,23.4
"1325","Up",39.4,155.9,158.4,23.4
"1326","Up",41.6,155.3,158,23.2
"1327","Down",44.2,154.8,157.7,22.8
"1328","Up",42,154.2,157.4,22.8
"1329","Up",44.9,153.7,157.2,22.1
"1330","Down",51.2,153.4,156.9,21.7
"1331","Up",52.1,152.9,156.7,21.2
"1332","Up",64.6,152.5,156.4,20.4
"1333","Down",75.3,152.3,156.2,19.5
"1334","Up",63.8,152,155.9,18.6
"1335","Down",65.7,151.4,155.7,17.8
"1336","Down",54.4,150.7,155.3,17.2
"1337","Down",45.1,150.2,155.1,16.8
"1338","Down",31,149.6,154.7,17.4
"1339","Down",27.1,149.5,154.3,18.1
"1340","Down",18.2,149,153.9,19.6
"1341","Up",14.9,148.7,153.5,21.3
"1342","Down",19.5,148.3,153.3,23
"1343","Up",13.6,147.4,153,25
"1344","Down",11.7,146.6,152.7,27
"1345","Up",9.4,145.7,152.4,29
"1346","Up",19.2,144.9,152,31
"1347","Down",18.8,144,151.7,32.2
"1348","Up",18.6,143.1,151.3,33.6
"1349","Up",32.1,142.3,150.9,34.9
"1350","Up",51.1,141.6,150.4,34
"1351","Down",66.7,141.3,150,31.9
"1352","Up",54.2,140.5,149.5,30.6
"1353","Down",56.3,139.6,148.9,29.7
"1354","Up",51.5,138.7,148.4,29
"1355","Up",56.4,137.9,147.9,29.2
"1356","Up",60.2,137.3,147.4,29.2
"1357","Up",66,136.8,147,28.3
"1358","Up",67.9,136.7,146.6,27.4
"1359","Up",69.9,136.6,146.3,26.4
"1360","Up",73.3,136.9,146,25.1
"1361","Down",76.3,137.3,145.7,23.3
"1362","Up",62.1,137.6,145.4,22.7
"1363","Up",65.5,138.1,145,21.5
"1364","Up",68.8,138.8,144.7,20.4
"1365","Up",69.6,139.5,144.3,19.1
"1366","Down",69.6,140.1,143.9,17.8
"1367","Up",60.2,140.7,143.6,17.1
"1368","Up",61.8,141.3,143.3,16.4
"1369","Down",64,141.8,143.3,15.7
"1370","Down",39.7,142,143.1,16.1
"1371","Up",26.4,141.7,143,17.1
"1372","Up",31.8,141.8,142.9,18.3
"1373","Up",34,141.9,142.7,19
"1374","Down",30.5,142,142.5,19.6
"1375","Up",20.5,141.9,142.3,21
"1376","Down",50.1,142.1,142.1,20.5
"1377","Up",39.7,141.9,141.9,20.1
"1378","Up",65.5,142.4,141.9,20.3
"1379","Up",66,142.8,141.9,20.5
"1380","Up",71.5,143.4,142,21.2
"1381","Up",76.3,144.1,142.2,22.2
"1382","Up",77,144.9,142.3,23.5
"1383","Down",80.8,145.8,142.4,24.2
"1384","Down",76.2,146.5,142.5,24.9
"1385","Down",74.6,147.2,142.6,25.5
"1386","Down",64.6,147.8,142.7,24.8
"1387","Up",55,148.3,142.8,23.7
"1388","Up",53.9,148.7,142.9,22.5
"1389","Up",73.5,149.8,143.4,23.1
"1390","Down",78.9,151.4,144.1,25.1
"1391","Down",72.3,153,144.8,26.8
"1392","Down",65,154.5,145.4,28.1
"1393","Up",48.1,155.4,145.9,27.5
"1394","Down",47.5,156.4,146.5,26
"1395","Up",29.1,156.8,146.7,25.3
"1396","Down",30.9,156.9,146.9,24.8
"1397","Up",28.6,157.2,147.1,24.4
"1398","Down",34.4,156.9,147.4,23.8
"1399","Up",31.2,156.5,147.6,22.8
"1400","Down",33.6,156,147.8,21.7
"1401","Down",23.6,154.8,147.6,21.9
"1402","Up",18.3,153.3,147.4,22.5
"1403","Up",18.5,151.8,147.3,23
"1404","Down",17.7,150.3,147.2,24.2
"1405","Up",16.5,148.7,147,25.2
"1406","Up",31.7,147.6,146.9,25.6
"1407","Down",40.6,146.7,146.8,25.4
"1408","Up",39.7,145.8,146.6,25.6
"1409","Up",43.7,144.2,146.4,25.4
"1410","Down",51.7,142.4,146.3,25
"1411","Up",47.9,140.6,146.1,24.4
"1412","Up",52.8,139.1,146,23.9
"1413","Up",61,138,145.9,22.3
"1414","Down",67.1,137.1,145.8,21.1
"1415","Up",51,136.6,145.6,20.4
"1416","Up",54.6,136.2,145.4,20.1
"1417","Down",54.4,135.9,145.2,19.8
"1418","Up",49.8,135.3,145.1,19.3
"1419","Down",49.3,134.9,144.9,19.5
"1420","Down",39.3,134.4,144.7,19.6
"1421","Up",34.5,134.2,144.6,19.8
"1422","Up",52.3,134.6,144.5,19.4
"1423","Up",54.8,134.9,144.5,18.7
"1424","Up",62.8,135.3,144.5,17.6
"1425","Down",64.6,135.8,144.5,16.6
"1426","Up",59.7,136.1,144.5,15.6
"1427","Down",56.6,136.2,144.5,14.7
"1428","Down",52.2,136.3,144.2,13.9
"1429","Up",46.9,136.4,143.9,13.3
"1430","Up",56.8,136.4,143.5,12.7
"1431","Down",63.4,136.6,143.1,11.8
"1432","Up",53.9,136.6,142.7,10.9
"1433","Down",58.6,136.6,142.2,10.5
"1434","Up",44.6,136.4,141.7,10.4
"1435","Down",43.1,136.4,141.3,10.2
"1436","Up",33.6,136.4,140.8,10.8
"1437","Down",33,136.3,140.4,11.3
"1438","Down",20.4,136.1,140,12.8
"1439","Up",16.9,135.8,139.3,14.6
"1440","Up",15.3,135.5,138.4,16.4
"1441","Up",23.3,135.4,137.5,18.2
"1442","Up",28.9,135.1,136.8,18.7
"1443","Down",34.9,134.8,136.2,19.1
"1444","Up",28.9,134.3,135.6,19.8
"1445","Up",49.5,134,135.4,18.8
"1446","Down",60.7,133.9,135.3,17.7
"1447","Up",55.2,133.7,135.1,16.6
"1448","Up",66.9,133.7,134.9,15.9
"1449","Up",75.4,133.9,134.8,16
"1450","Down",78.7,134.1,134.8,16.6
"1451","Up",59,134,134.8,15.6
"1452","Up",66.4,134.1,135,14.7
"1453","Down",67.2,134.1,135.1,14.3
"1454","Down",63.9,134.3,135.3,14.2
"1455","Up",59.6,134.4,135.5,13.9
"1456","Up",64.2,134.7,135.7,13.8
"1457","Up",73.2,135.2,135.8,15.2
"1458","Up",73.8,135.9,136,16.7
"1459","Down",70.2,136.6,136.2,17.6
"1460","Down",50.8,137.2,136.3,16.9
"1461","Down",39.9,137.5,136.3,16.2
"1462","Up",33.2,137.7,136.3,16.2
"1463","Down",30,137.9,136.2,16.3
"1464","Down",24.7,138,136,16.9
"1465","Down",20.5,137.9,135.9,17.8
"1466","Down",16.2,137.6,135.8,18.9
"1467","Up",9.5,137,135.5,21.2
"1468","Down",16.8,136.4,135.3,23.3
"1469","Down",12.8,135.5,135.1,25.3
"1470","Up",10.6,134.5,134.8,27.3
"1471","Up",18.5,133.8,134.6,28.8
"1472","Up",18.7,133,134.3,30.1
"1473","Down",23.3,132.1,134,31.3
"1474","Up",21.4,131.2,133.7,32.7
"1475","Down",26.9,130.4,133.3,34
"1476","Up",25.3,129.4,133,35.4
"1477","Up",28.9,128.2,132.6,36.7
"1478","Down",28.9,127,132.3,38.1
"1479","Down",23.1,125.7,131.9,39.7
"1480","Up",18.4,124.5,131.5,41.5
"1481","Down",33.4,123.5,131.1,43.2
"1482","Down",21.2,122.4,130.6,45.1
"1483","Down",17.7,121.3,130,47.1
"1484","Down",15.7,120.2,129.5,49.1
"1485","Up",10.7,118.9,128.9,51.3
"1486","Down",10.6,117.7,128.3,53.3
"1487","Down",8.6,116.7,127.7,55.4
"1488","Down",6.6,115.4,127.1,57.5
"1489","Up",5.5,114.3,126.5,59.6
"1490","Down",5,113.1,125.8,61.6
"1491","Down",3.1,111.6,125.1,63.5
"1492","Up",2.5,110,124.3,65.4
"1493","Down",11.3,108.5,123.5,67.1
"1494","Up",8.4,106.9,122.7,68.9
"1495","Up",14.9,105.2,121.8,70.5
"1496","Down",32.4,103.8,120.9,70.6
"1497","Up",32.9,102.4,120.1,70.2
"1498","Down",41.6,101.1,119.2,69.9
"1499","Up",38.2,99.8,118.3,69.5
"1500","Down",39.3,98.6,117.3,69.6
"1501","Down",37.7,97.2,116.4,69.6
"1502","Up",37.6,96,115.4,69
"1503","Up",37.8,95,114.4,68.6
"1504","Up",48,94,113.4,67.5
"1505","Up",65.1,93.5,112.5,64.7
"1506","Down",64.5,93,111.6,61.3
"1507","Down",39,92.2,110.5,59.4
"1508","Down",24.7,91.2,109.2,58.6
"1509","Down",20,90.2,107.9,58.3
"1510","Up",15.7,89,106.6,58.2
"1511","Down",25.2,88.2,105.4,57.6
"1512","Up",20.9,87.3,104.1,57.4
"1513","Up",21.3,86.3,102.9,57.4
"1514","Up",20.8,85.5,101.7,56.8
"1515","Down",34.1,84.9,100.6,55.8
"1516","Down",33.4,84.1,99.5,54.5
"1517","Down",28.7,83.1,98.5,53.6
"1518","Down",27.7,82,97.5,53.2
"1519","Up",27.1,81,96.5,52.8
"1520","Down",33.1,80.1,95.5,52.4
"1521","Up",31.8,79.2,94.5,51.3
"1522","Up",48.4,78.4,93.5,50.2
"1523","Up",66.7,77.8,92.7,47.6
"1524","Up",69.7,77.2,91.8,44.9
"1525","Down",78.6,76.6,91.1,42
"1526","Up",72.9,76,90.3,39.3
"1527","Down",75.6,75.8,89.5,36.5
"1528","Up",71.4,75.8,88.8,34.1
"1529","Up",72,76.1,88,31.7
"1530","Up",74.6,76.5,87.4,29.6
"1531","Down",78.5,76.9,86.7,28
"1532","Up",74.2,77.4,86.1,26.1
"1533","Up",73.9,77.9,85.5,24.6
"1534","Up",78.3,78.5,85,23.2
"1535","Down",83.6,79,84.7,22.8
"1536","Down",78.1,79.5,84.3,22.3
"1537","Down",64.2,80.1,83.9,21.6
"1538","Up",45.1,80.6,83.6,20.1
"1539","Up",41.7,81.1,83.2,18.9
"1540","Down",61.4,81.8,83,18.4
"1541","Up",56.1,82.4,82.8,17.9
"1542","Down",66.8,83.1,82.8,17.9
"1543","Down",62.2,83.6,82.7,18.1
"1544","Down",44.5,83.7,82.6,16.9
"1545","Up",39.2,83.7,82.4,16.1
"1546","Up",37.4,83.6,82.2,15.6
"1547","Up",38.8,83.6,82,15.2
"1548","Up",45.7,83.6,81.8,14.3
"1549","Up",47.5,83.7,81.6,13.4
"1550","Down",54.1,83.8,81.5,13.2
"1551","Up",44.6,83.8,81.3,12.7
"1552","Up",53.6,83.9,81.2,12.1
"1553","Up",68,84.2,81.2,12.9
"1554","Down",72.3,84.5,81.2,13.6
"1555","Up",68.8,84.6,81.1,14.2
"1556","Up",72.7,84.8,81,14.5
"1557","Down",74.9,85.1,81.1,15.2
"1558","Down",64,85.4,81.2,15.2
"1559","Down",56.5,85.6,81.4,14.4
"1560","Down",42.4,85.6,81.6,13.7
"1561","Down",36,85.5,81.8,13.5
"1562","Up",28.8,85.1,81.9,13.7
"1563","Down",27.6,84.9,82.1,14
"1564","Up",22.6,84.8,82.3,14.5
"1565","Up",35.4,84.8,82.4,14.7
"1566","Down",32,84.9,82.5,14.8
"1567","Up",20.9,84.8,82.7,15.5
"1568","Down",20,84.6,82.8,16.5
"1569","Down",16.6,84.3,82.9,17.8
"1570","Down",12.6,83.9,83,19.8
"1571","Up",11.3,83.4,83,21.7
"1572","Down",29.5,83,83.1,22.7
"1573","Down",25.4,82.3,83,23.6
"1574","Down",24.4,81.5,82.9,24.7
"1575","Down",22.2,80.6,82.7,25.9
"1576","Up",21.2,79.7,82.5,27.2
"1577","Up",35.9,78.9,82.3,27.4
"1578","Up",39.9,78.2,82.2,27.2
"1579","Up",51.9,77.7,82.1,25.8
"1580","Up",57.2,77.3,82,24
"1581","Down",67.6,77.1,81.9,22.5
"1582","Up",56.1,76.9,81.7,21.1
"1583","Down",61.1,76.7,81.6,19.9
"1584","Up",55,76.5,81.5,18.6
"1585","Up",59.2,76.2,81.3,17.4
"1586","Up",62.3,76,81.1,16.8
"1587","Up",74,76,81,17.3
"1588","Up",78.4,76.2,81,18.7
"1589","Down",82.6,76.5,81.1,20.1
"1590","Up",74.2,76.9,81,21.3
"1591","Up",84.6,77.7,81.1,24
"1592","Up",85.1,78.4,81.2,26.5
"1593","Up",88,79.3,81.3,29
"1594","Up",90.3,80.4,81.5,31.7
"1595","Up",92.4,81.6,81.8,34.3
"1596","Up",94,82.9,82.2,37
"1597","Up",94.6,84,82.5,39.1
"1598","Up",96.1,85.2,82.8,41.2
"1599","Up",97.1,86.5,83.2,41.1
"1600","Up",97.6,87.9,83.6,41.3
"1601","Up",97.5,89.2,84,41.5
"1602","Up",98,90.5,84.4,41.8
"1603","Down",98.8,92,84.8,42.2
"1604","Up",92.7,93.4,85.1,42.6
"1605","Up",95.8,95.2,85.5,44.1
"1606","Up",96,97,86,45.6
"1607","Up",96.6,98.8,86.5,47.3
"1608","Up",96.7,100.6,87.1,47.9
"1609","Down",98.1,102.7,87.9,49.2
"1610","Down",93.3,104.9,88.8,50.6
"1611","Up",87.6,106.7,89.6,51.5
"1612","Up",91,108.8,90.7,52.8
"1613","Down",91.9,111,91.7,54.3
"1614","Down",79,112.9,92.8,54.9
"1615","Down",75.1,114.6,93.7,54.6
"1616","Down",68.7,116.2,94.7,54.2
"1617","Down",52.5,117.5,95.6,52.2
"1618","Up",43.6,118.6,96.4,49.7
"1619","Down",58.5,120,97.4,48.4
"1620","Up",55.7,121.2,98.5,47.6
"1621","Down",59.8,122.6,99.7,46.9
"1622","Down",51.4,123.9,100.8,46.5
"1623","Down",41,124.7,101.7,44.9
"1624","Up",38.7,125.6,102.7,42.9
"1625","Down",38.6,126.1,103.7,40.9
"1626","Up",35.2,126.5,104.7,39.2
"1627","Up",37.6,126.8,105.7,37.5
"1628","Up",41.8,127.1,106.7,36.1
"1629","Up",40.7,126.8,107.6,34.8
"1630","Down",44.8,126.7,108.5,33.7
"1631","Down",32.9,126.4,109.3,32
"1632","Up",23.8,125.6,110.1,30.1
"1633","Up",46.5,125,111,28.6
"1634","Up",46.8,124.5,112,27.2
"1635","Up",54.9,124.2,112.9,26.5
"1636","Up",61.5,124,113.9,26
"1637","Down",67.4,124.3,114.9,25.7
"1638","Up",64.8,124.6,115.8,25.6
"1639","Up",62.7,124.5,116.6,25
"1640","Up",60.9,124.3,117.5,24.6
"1641","Down",58,124,118.2,24
"1642","Up",44.9,123.7,118.9,22.5
"1643","Up",45.7,123.6,119.5,21
"1644","Up",61.3,123.9,120.1,20.6
"1645","Down",64.1,124.1,120.7,20.7
"1646","Up",53.8,124.3,121.3,20.3
"1647","Up",52.9,124.5,121.9,19.6
"1648","Up",72.7,125,122.6,20.4
"1649","Up",81.7,125.8,123.3,22.3
"1650","Up",85.3,126.7,124.1,24.1
"1651","Down",87.8,128,124.9,26.1
"1652","Up",63.7,129,125.5,26.7
"1653","Down",69.7,130,126.3,27.2
"1654","Down",62.3,130.8,126.9,27.7
"1655","Up",60,131.4,127.4,28.3
"1656","Down",60.4,132,127.9,28.8
"1657","Down",56.8,132.5,128.3,29
"1658","Up",50.5,132.9,128.7,28.7
"1659","Down",60.8,133.6,129,28.9
"1660","Up",55,134.3,129.2,29.1
"1661","Up",55.4,135,129.5,28.7
"1662","Up",51.9,135.8,129.7,28.5
"1663","Down",67.1,137,129.9,29.3
"1664","Up",43.5,137.5,130,27.8
"1665","Up",51.8,138.1,130.2,26.5
"1666","Up",57.3,139,130.4,25.8
"1667","Down",61.2,140,130.9,25.6
"1668","Down",58.5,140.6,131.4,25.6
"1669","Up",53,140.7,131.6,24.7
"1670","Up",56.1,140.8,131.9,23.9
"1671","Down",57.9,140.7,132.1,23.5
"1672","Up",42.4,140.8,132.3,22.4
"1673","Down",43.5,140.6,132.6,21.4
"1674","Up",38.2,140.5,132.9,21
"1675","Up",48.5,140.7,133.3,20.6
"1676","Up",48.4,140.8,133.6,20
"1677","Up",60.3,141.2,134.1,18.8
"1678","Up",65.6,141.8,134.6,18
"1679","Down",63.8,142.1,135.1,17.5
"1680","Down",61.3,142.5,135.5,17
"1681","Down",53.2,142.6,136,15.8
"1682","Up",46.6,142.7,136.5,15.3
"1683","Up",54,142.6,136.9,14.7
"1684","Down",53.9,143,137.4,13.9
"1685","Down",33.4,142.8,137.6,14.7
"1686","Down",26.5,142.3,137.7,16.1
"1687","Up",22.4,141.6,137.8,18
"1688","Up",48,141.4,138.1,17.6
"1689","Up",47.5,141.3,138.3,17.2
"1690","Up",51.2,141.2,138.7,18.4
"1691","Down",74.4,142,139.3,17.4
"1692","Down",68,142.9,140,16.9
"1693","Down",67.1,143.7,140.6,15.9
"1694","Down",56.9,144.3,141,15
"1695","Up",55.4,144.6,141.5,14.3
"1696","Down",58.8,145.1,141.9,13.7
"1697","Up",39.4,144.6,142.1,14.4
"1698","Up",40.4,144.1,142.2,15.2
"1699","Up",39.8,143.6,142.2,16
"1700","Up",38.9,143.2,142.1,16.8
"1701","Down",42.3,143,142,17.1
"1702","Down",34.2,142.8,142,17.9
"1703","Up",30.5,142.4,141.9,18.6
"1704","Down",34.6,142.1,141.9,19.3
"1705","Down",28.7,142.1,141.9,19.8
"1706","Up",26.1,142.1,141.8,20.6
"1707","Down",34.3,142.3,141.7,21.3
"1708","Down",32.3,142,141.7,21.7
"1709","Up",27.5,141.5,141.5,22.8
"1710","Up",35.8,141.1,141.4,23.8
"1711","Down",46.9,139.9,141.3,24.3
"1712","Down",34.8,138.6,141.1,25
"1713","Down",31.4,137.4,140.8,26
"1714","Down",26.5,136.3,140.6,27.1
"1715","Down",24.3,135.2,140.3,28.3
"1716","Down",22.3,134,139.9,29.5
"1717","Down",20,133.4,139.5,30.8
"1718","Down",14.9,132.6,139,32.3
"1719","Down",13.2,131.7,138.6,33.8
"1720","Up",10.8,130.8,138.1,35.4
"1721","Down",13.9,129.8,137.6,36.5
"1722","Up",8.6,128.7,137.2,38
"1723","Down",14,127.7,136.7,39.6
"1724","Down",11,126.5,136.3,40.8
"1725","Up",9.9,125.3,135.7,42.1
"1726","Up",26.3,124.4,135.2,42.9
"1727","Up",28.7,123.4,134.6,43
"1728","Down",44,122.6,134,42.6
"1729","Up",36.7,121.8,133.4,42.2
"1730","Up",48.4,121,132.8,41.8
"1731","Up",55.3,120.2,132.3,40.1
"1732","Up",60,119.6,131.9,38.5
"1733","Up",60.2,119.1,131.4,37.3
"1734","Up",73.6,119,131,34.8
"1735","Down",79.9,118.9,130.7,32.6
"1736","Up",77.4,118.9,130.6,30.4
"1737","Up",83.4,119.2,130.5,29.2
"1738","Up",86.3,119.6,130.3,28.9
"1739","Up",87.1,120.1,130.1,28.6
"1740","Down",89.4,120.7,129.9,28.6
"1741","Up",65.8,121.1,129.3,27.7
"1742","Up",69,121.9,128.8,26.8
"1743","Up",72.2,122.6,128.3,26.3
"1744","Up",74.6,123.6,128,26.4
"1745","Up",80.1,124.8,127.8,27.4
"1746","Down",80.4,125.9,127.5,28.8
"1747","Up",69.5,126.9,127.5,29.2
"1748","Up",77,128,127.6,30
"1749","Up",79.6,129.4,127.7,31.3
"1750","Down",86.4,131,127.9,33.2
"1751","Up",83.1,132.5,128.1,35.4
"1752","Down",85.4,134.1,128.4,37.1
"1753","Down",79,135.7,128.7,38.2
"1754","Up",61.6,136.7,128.8,38.4
"1755","Down",61.9,137.7,129,38.7
"1756","Up",52.4,138.5,129.2,37.5
"1757","Down",54.5,139.3,129.3,36.3
"1758","Up",42.2,139.8,129.4,34.4
"1759","Up",43.3,140.3,129.6,32.5
"1760","Up",39.8,140.7,129.8,31
"1761","Up",47.2,141.5,129.9,29.6
"1762","Down",47.5,142.2,130.2,28.7
"1763","Down",40.5,142.7,130.4,27.4
"1764","Up",34.1,143,130.7,25.6
"1765","Up",33,143.1,131,23.9
"1766","Up",42.2,143.3,131.3,22.4
"1767","Down",50,143.7,131.7,21.6
"1768","Up",39.3,143.6,132,20.4
"1769","Up",42.8,143.5,132.4,19.3
"1770","Up",50.7,143.1,132.8,18
"1771","Up",50.9,142.7,133.3,17.3
"1772","Up",50.6,142.2,133.8,16.1
"1773","Up",49.4,141.7,134.3,15
"1774","Up",53.1,141.6,134.9,14.2
"1775","Up",65.1,141.5,135.5,14.3
"1776","Up",73.5,141.7,136.1,14.5
"1777","Down",83.3,141.9,136.7,15.2
"1778","Up",61.7,142.1,137.3,15.3
"1779","Down",63.1,142.3,137.9,15.1
"1780","Down",50.6,142.5,138.4,14.2
"1781","Up",31.1,142.1,138.7,14.5
"1782","Up",29.3,141.7,139,14.9
"1783","Up",48.4,141.7,139.5,14.2
"1784","Up",60.7,142.1,139.9,14.5
"1785","Up",63.6,142.5,140.4,15
"1786","Up",64,142.9,140.9,15.8
"1787","Down",71.3,143.4,141.4,17
"1788","Up",61.6,144,141.8,18.1
"1789","Up",61.9,144.5,142.1,19.2
"1790","Up",65,144.9,142.5,19.8
"1791","Down",67,145.4,143,20.5
"1792","Up",60.1,145.8,143.4,20.8
"1793","Up",67.5,146.4,143.8,21.1
"1794","Up",78.5,147.2,144.3,22.7
"1795","Down",80.7,148,144.7,24.2
"1796","Up",68.8,148.5,145.1,25.9
"1797","Down",71.9,149.1,145.6,27.1
"1798","Down",59.6,149.6,145.9,28.7
"1799","Up",50.3,150,146.1,28.4
"1800","Up",54.1,150.6,146.2,28.1
"1801","Up",53.5,151.5,146.3,27.8
"1802","Up",54.4,152.5,146.4,27.5
"1803","Up",69.1,153.5,146.6,28.2
"1804","Down",77.9,154.5,147,29.9
"1805","Up",69.7,155.3,147.4,31.4
"1806","Up",75.5,156.3,148,33.1
"1807","Up",77.8,157.1,148.5,35
"1808","Up",82.4,158.4,149.2,37.1
"1809","Down",86.7,159.9,150,39.2
"1810","Up",71.6,161,150.7,41.5
"1811","Down",73.7,162.3,151.3,43.7
"1812","Down",66.9,163.5,151.9,45.3
"1813","Up",62.3,164.5,152.5,46.8
"1814","Down",60.4,165.1,153.2,48.1
"1815","Down",50.5,165.7,153.7,47.9
"1816","Up",42.1,166.2,154.2,47.4
"1817","Down",57,167,154.9,47.8
"1818","Down",38.8,167.4,155.4,47.9
"1819","Down",30,167.7,155.8,46.2
"1820","Down",25.3,167.7,156,43.8
"1821","Down",20.6,167.5,156.2,40.7
"1822","Down",18.2,167.2,156.4,38.6
"1823","Up",15.7,166.5,156.5,36.6
"1824","Up",25.1,165.7,156.7,35.1
"1825","Down",25,165,156.8,33.4
"1826","Up",20.1,163.8,156.8,32.9
"1827","Up",24,162.6,156.8,32.4
"1828","Up",36.6,161.4,156.9,31.2
"1829","Up",41.6,160,157,29.9
"1830","Up",46.4,159,157.3,28.3
"1831","Down",50.8,157.8,157.6,26.7
"1832","Up",43,156.6,157.9,25.9
"1833","Down",53.8,155.6,158.1,25.1
"1834","Up",52.3,154.6,158.2,24.4
"1835","Down",56.2,153.8,158.2,24
"1836","Up",44.4,152.8,158.2,24
"1837","Up",45.1,151.6,158.1,24
"1838","Down",55.2,150.9,158.2,23.3
"1839","Up",42,150.4,158.1,23
"1840","Up",42.2,150,158.1,22.7
"1841","Down",39.2,149.8,158,22.4
"1842","Up",29.2,149.5,157.9,22.9
"1843","Up",38.2,149.4,157.7,23.4
"1844","Down",36.3,149.2,157.5,23.3
"1845","Down",31.9,148.9,157.2,23.8
"1846","Up",20.2,148.4,156.8,25.4
"1847","Up",18.2,148,156.4,27.3
"1848","Down",25.2,147.3,156,28.5
"1849","Up",23.5,146.6,155.7,29.6
"1850","Down",33.2,145.9,155.4,30.1
"1851","Up",27.4,145,155,30.7
"1852","Up",27.2,144.4,154.6,31.3
"1853","Up",54.5,144,154.3,29.6
"1854","Up",58.3,143.6,153.8,27.9
"1855","Down",75.4,143.7,153.6,27.6
"1856","Up",65.7,143.7,153.2,27.4
"1857","Up",70.7,143.9,152.8,27.1
"1858","Up",72.1,143.9,152.4,27.2
"1859","Up",75.8,144.2,151.9,27
"1860","Up",74.8,144.5,151.4,26.8
"1861","Up",77.6,144.8,151,27.5
"1862","Down",81.7,145.6,150.7,28.2
"1863","Up",75.4,146.1,150.4,28.8
"1864","Up",77.4,146.7,150.1,29.5
"1865","Up",81.6,147.6,150,30.8
"1866","Down",83.2,148.9,149.9,32.1
"1867","Down",64.2,150,149.6,32
"1868","Up",48,150.8,149.4,30.6
"1869","Up",57.3,151.9,149.4,29.1
"1870","Down",63.7,153.1,149.5,28.5
"1871","Up",51,154.1,149.6,28.2
"1872","Down",53.4,155.2,149.8,27.9
"1873","Up",36.1,155.5,149.9,26.5
"1874","Up",38.9,155.9,149.9,25.4
"1875","Down",40.1,155.8,149.9,24.1
"1876","Up",34.3,155.8,150,24
"1877","Down",32.8,155.6,150,24
"1878","Down",25.3,155.1,149.9,24.9
"1879","Up",21.1,154.5,149.6,26.1
"1880","Up",29.2,154,149.4,27.2
"1881","Down",41.3,153.6,149.3,26.7
"1882","Down",39.5,153,149.3,26
"1883","Down",32.2,152.3,149,26.2
"1884","Up",26.3,151.2,148.8,26.8
"1885","Up",28,150.1,148.5,27.6
"1886","Up",42.4,149.1,148.4,27.3
"1887","Up",48.3,148.3,148.3,26.5
"1888","Down",50.4,147.9,148.1,25.7
"1889","Up",42.2,147,148,25.5
"1890","Up",47.6,146,147.9,25.4
"1891","Up",52.2,145.3,147.8,24.8
"1892","Down",55.6,144.6,147.9,24
"1893","Up",49.6,144.2,147.8,23.8
"1894","Down",52.5,143.9,147.7,23.6
"1895","Up",37.7,143.2,147.6,24.1
"1896","Down",37.7,142.7,147.7,24.7
"1897","Up",34.4,142.2,147.7,25.4
"1898","Up",34.8,141.9,147.7,26
"1899","Up",49.8,142,147.8,25.6
"1900","Up",54.8,142,147.9,24.4
"1901","Up",63.2,141.9,148,23
"1902","Up",61.6,141.8,148.2,21.6
"1903","Down",64,141.9,148.2,20.1
"1904","Up",59,142.2,148.2,19.3
"1905","Down",63.9,142.6,148.1,18.3
"1906","Down",47.6,142.5,147.9,17.7
"1907","Up",33.5,142.2,147.6,18.2
"1908","Down",32.5,141.8,147.3,19.4
"1909","Down",28.9,141.6,147,20.5
"1910","Down",19,141.1,146.6,22.1
"1911","Down",14.4,140.5,146.1,23.8
"1912","Up",10.1,139.7,145.5,25.7
"1913","Up",10.9,139.1,145,27.4
"1914","Up",11.9,138.4,144.4,28.6
"1915","Up",28,138,143.8,29.1
"1916","Up",50.6,138,143.3,28
"1917","Up",53.5,137.9,142.9,27
"1918","Down",54.8,137.9,142.5,26.1
"1919","Up",38.7,137.4,142,26.4
"1920","Up",48.2,136.9,141.4,26.9
"1921","Down",54,136.4,141,26.5
"1922","Up",50.8,135.9,140.5,26.2
"1923","Down",54.1,135.3,140.2,25.7
"1924","Down",42.2,134.7,139.8,26
"1925","Up",37.6,133.9,139.3,26.5
"1926","Up",42.9,133.4,139,26.9
"1927","Up",63.3,133.4,138.8,25.6
"1928","Up",92.3,136.6,139.9,28.9
"1929","Down",93.7,140.5,141.4,32.4
"1930","Up",77.4,143.7,142.5,35
"1931","Down",79.3,147.3,143.6,37.3
"1932","Up",73.7,150.8,144.6,39.5
"1933","Down",74.3,154.2,145.7,41.5
"1934","Up",72.6,157.6,146.9,43.1
"1935","Down",75.9,161.4,148.3,44.8
"1936","Down",69.1,164.6,149.5,46.3
"1937","Down",58.9,167.2,150.4,46.3
"1938","Up",55.8,169.8,151.3,45.9
"1939","Down",55.7,172.9,152.4,45.6
"1940","Down",50.1,175.7,153.3,44.9
"1941","Down",42.2,178.3,154.2,44.2
"1942","Down",30.5,180.8,155,43
"1943","Up",25.6,183.2,155.7,41.4
"1944","Up",43.7,186.1,156.7,40.3
"1945","Down",45.6,189.2,157.7,40
"1946","Down",41.2,192,158.7,39.2
"1947","Up",39.7,194.4,159.6,38.3
"1948","Down",46.4,193.7,160.6,37.2
"1949","Up",41.8,192.4,161.5,36.2
"1950","Up",43.2,191.8,162.4,35.3
"1951","Down",44.3,190.9,163.2,34.1
"1952","Down",38.9,190.3,164,33.1
"1953","Down",33.3,189.4,164.7,31.8
"1954","Down",23.7,188.3,165.4,29.7
"1955","Up",17.4,186.5,165.9,28.1
"1956","Up",22.4,185.1,166.5,26.7
"1957","Down",31.1,184.4,167.3,24.8
"1958","Up",23.6,183.5,168,23.1
"1959","Down",30.3,182.6,168.7,21.5
"1960","Up",28.9,181.7,169.5,20.1
"1961","Up",30.1,181,170.4,18.7
"1962","Down",33.7,180.5,171.3,17.8
"1963","Up",24.3,179.8,172,17.6
"1964","Up",32,178.8,172.8,17.5
"1965","Up",40.4,177.9,173.6,16.7
"1966","Up",60.5,177.5,174.5,17.3
"1967","Down",63,177.1,175.3,17.8
"1968","Up",44.1,176.1,176,19.1
"1969","Up",50.9,175.5,176.8,19.8
"1970","Down",55.6,175,177.6,20
"1971","Up",51.9,174.4,178.4,20.2
"1972","Down",52,173.9,179.2,20
"1973","Up",43.8,173.4,180,20.2
"1974","Down",45.3,173.2,180.8,20.3
"1975","Down",40.7,173.1,181.6,20.8
"1976","Up",32.7,172.7,182.3,21.7
"1977","Up",32,172.3,182.8,22.6
"1978","Up",58.9,172.5,182.3,21
"1979","Up",57.8,172.6,181.6,19.7
"1980","Down",57.3,172.7,181.2,18.3
"1981","Down",55.4,172.8,180.6,17.2
"1982","Up",44.6,172.7,180,16.8
"1983","Up",50.5,172.9,179.5,16.6
"1984","Down",54.9,173.1,179.1,16.1
"1985","Down",49.2,173.2,178.3,15.4
"1986","Up",34.2,172.5,177.6,16
"1987","Down",56.8,172.3,177.3,15.6
"1988","Up",47.6,172.3,177,14.8
"1989","Up",56.8,172.5,176.6,14.1
"1990","Up",56.1,172.5,176.4,13.5
"1991","Up",67.7,173.1,176.3,14.6
"1992","Down",74.9,174.1,176.5,16.5
"1993","Down",55.1,174.6,176.5,17.8
"1994","Down",47.9,174.7,176.2,17.6
"1995","Down",46.5,174.9,175.9,17.2
"1996","Down",44.8,175.1,175.5,16.4
"1997","Down",40.1,175.2,175.2,15.3
"1998","Up",33.8,174.4,174.6,15
"1999","Down",35.7,173.8,174.2,15.2
"2000","Down",31.4,173.1,173.7,16
"2001","Up",24.7,172.2,173.1,16.7
"2002","Down",29.4,171.6,172.6,17.4
"2003","Up",24.7,170.8,172.1,18.2
"2004","Down",35.5,170.2,171.8,17.7
"2005","Down",20.9,168.9,171.3,18.6
"2006","Down",13.6,167,170.4,20.9
"2007","Down",13.1,164.5,169.4,23.2
"2008","Up",10.9,161.8,168.3,25.7
"2009","Up",10.8,158.8,167.1,28.1
"2010","Down",12.2,155.9,166,30.2
"2011","Down",11.1,152.3,164.8,32.2
"2012","Down",10.3,148.3,163.6,34.1
"2013","Down",9.2,144.8,162.5,36
"2014","Up",5.7,141,161.1,38.4
"2015","Up",12.5,137.5,159.7,40.7
"2016","Down",12,134,158.1,42.6
"2017","Down",11.7,130.6,156.6,44.4
"2018","Down",10.7,127.4,155.1,46.1
"2019","Up",10.7,124,153.6,47.8
"2020","Down",16.8,120.8,152,49.3
"2021","Down",16.6,117.7,150.4,50.6
"2022","Up",16.2,114.5,148.8,52
"2023","Up",32.6,111.5,147.4,51.7
"2024","Down",39.7,108.4,145.9,51.6
"2025","Up",40.3,106.1,144.5,51.2
"2026","Down",44.6,104.6,143.1,50.6
"2027","Up",39.3,103.1,141.7,50.2
"2028","Up",44.1,102.2,140.1,49.9
"2029","Down",48.3,101.2,138.6,49.1
"2030","Down",43.9,100.2,137,48.6
"2031","Up",31.1,99.1,135.4,48.5
"2032","Up",45.8,98.2,133.9,47.9
"2033","Down",59.7,97.6,132.4,46.5
"2034","Up",45,97.4,130.8,45.4
"2035","Down",48.2,97.2,129.3,44.3
"2036","Down",45.1,96.9,127.9,42.8
"2037","Up",40.9,96.6,126.3,41.5
"2038","Up",50.9,96.6,124.8,39.9
"2039","Up",65.2,96.9,123.3,37.2
"2040","Up",71.7,97.3,121.9,35
"2041","Down",73.1,97.8,120.3,33.2
"2042","Down",61.9,98.2,118.4,30.8
"2043","Up",58.9,98.4,116.9,28.9
"2044","Down",59.6,98.5,115.4,27.1
"2045","Down",51,98.5,113.9,25.9
"2046","Down",44.9,98.4,112.5,25
"2047","Down",40.4,98.5,111.1,24.4
"2048","Down",35.8,98.4,109.7,24
"2049","Up",26.2,98.2,108.3,24.3
"2050","Down",26.7,98.1,107,24.6
"2051","Down",20.6,98.1,105.7,25
"2052","Down",13.7,97.9,104.4,25.5
"2053","Up",7.1,97.5,103.1,26.3
"2054","Up",27.8,97.4,101.7,26.2
"2055","Down",42.6,97.4,100.7,25.7
"2056","Down",35.3,97.2,100,25.4
"2057","Down",34.2,97.1,99.3,25.3
"2058","Up",33.6,96.9,98.8,25.5
"2059","Down",47.9,96.4,98.4,24.9
"2060","Up",44.4,95.8,97.9,24
"2061","Down",47.5,95.2,97.4,23.1
"2062","Down",41.1,94.7,97,22.9
"2063","Up",32.1,94,96.5,23.7
"2064","Down",34.6,93.4,96.4,24.4
"2065","Down",24.9,92.8,96,26
"2066","Up",12,91.7,95.5,28.7
"2067","Down",14.5,90.6,95.1,31.2
"2068","Up",11.8,89.6,94.6,33.5
"2069","Up",25.6,88.8,94.3,34.8
"2070","Down",37.7,88.2,94,34.3
"2071","Up",36.3,87.5,93.7,33.8
"2072","Up",41.9,87,93.4,33.3
"2073","Up",46.6,86.6,93.1,32.2
"2074","Down",61.5,86.4,92.9,30.1
"2075","Up",54.9,85.9,92.6,28.2
"2076","Down",58,85.6,92.4,26.2
"2077","Down",52.7,85.2,92.1,24.7
"2078","Up",52,84.7,91.9,23.6
"2079","Down",54.8,84.2,91.6,22.5
"2080","Up",54.2,83.7,91.3,21.8
"2081","Up",60.3,83.3,91.1,20.6
"2082","Up",64.1,83,90.9,19.3
"2083","Up",74.1,83.1,90.7,19.2
"2084","Up",76.5,83.2,90.7,20
"2085","Up",77.9,83.5,90.6,20.5
"2086","Up",75.4,84.3,90.5,21.1
"2087","Down",77.6,85,90.4,21
"2088","Down",64.1,85.8,90.3,21.2
"2089","Down",56.5,86.3,90,20.8
"2090","Down",46.7,86.6,89.7,19.8
"2091","Down",42.8,86.9,89.3,18.6
"2092","Down",30,86.9,88.9,17.8
"2093","Down",23.3,86.9,88.5,17.6
"2094","Up",16.1,86.4,88.1,18
"2095","Down",12.3,86.1,87.7,18.4
"2096","Down",5.9,85.7,87.3,19.7
"2097","Up",1.8,85.1,86.8,21.5
"2098","Up",21.8,84.8,86.4,23.1
"2099","Down",31.9,84.5,86.1,23.3
"2100","Down",30.9,84.2,85.7,23.5
"2101","Down",29.7,83.8,85.4,23.7
"2102","Up",29.8,83.3,85.1,23.5
"2103","Up",38.5,82.6,84.8,23.4
"2104","Up",44.6,81.9,84.5,23
"2105","Down",47,81.2,84.1,22.5
"2106","Up",39.4,80.4,83.8,22.7
"2107","Down",43.9,79.7,83.5,22.9
"2108","Up",35.5,78.9,83.1,23.8
"2109","Up",35.3,78.1,82.7,24.6
"2110","Down",60.9,77.7,82.4,23.3
"2111","Up",46.5,77.2,82.1,21.9
"2112","Up",45.7,76.8,81.7,20.5
"2113","Up",46.7,76.5,81.5,19.2
"2114","Up",60.8,76.4,81.3,19.2
"2115","Up",62.7,76.4,81.1,19.3
"2116","Up",63.1,76.5,81.2,19.5
"2117","Up",69.1,76.9,81.3,20
"2118","Up",73.7,77.2,81.4,21.2
"2119","Down",83.1,77.6,81.6,22.9
"2120","Up",80,78,81.7,24.5
"2121","Down",84.8,78.5,81.8,26.2
"2122","Up",71.9,79,81.9,27.8
"2123","Up",77.6,79.6,82,29.8
"2124","Down",80.7,80.2,82,31.9
"2125","Down",52.1,80.5,81.9,31.1
"2126","Up",44.8,80.7,81.8,29.5
"2127","Up",51.1,81.1,81.8,28.1
"2128","Down",49.4,81.5,81.8,27.1
"2129","Down",41.3,81.9,81.8,25.2
"2130","Up",38.7,81.9,81.7,23.5
"2131","Up",43,82.2,81.6,22
"2132","Up",48.4,82.6,81.6,21.1
"2133","Down",50.4,83.1,81.5,20.5
"2134","Up",48.9,83.3,81.3,19.9
"2135","Up",52.8,83.6,81.2,18.9
"2136","Down",59.7,83.9,81.1,18.6
"2137","Down",58.1,84.1,80.9,18.3
"2138","Up",47.2,84.2,80.8,17
"2139","Up",56.2,84.1,80.7,15.8
"2140","Up",61.2,84.1,80.7,15.1
"2141","Down",72,84.1,80.7,15.4
"2142","Down",61.6,84.2,80.8,15.9
"2143","Up",46.9,83.9,80.8,15
"2144","Up",45.5,83.6,80.9,14.2
"2145","Up",44.5,83.6,80.9,13.2
"2146","Down",49.5,83.8,81.1,12.4
"2147","Down",41.2,83.8,81.3,11.8
"2148","Down",36.5,83.7,81.4,11.5
"2149","Up",33.1,83.7,81.4,12
"2150","Up",43.4,83.9,81.6,12
"2151","Down",44.9,83.9,81.7,12.4
"2152","Up",29.7,83.7,81.8,13.5
"2153","Down",27.7,83.5,81.8,14.5
"2154","Down",14.5,82.9,81.7,17.6
"2155","Down",10.1,82.2,81.5,20.5
"2156","Up",8.5,81.2,81.4,23.6
"2157","Down",8.7,80.3,81.2,26.6
"2158","Down",6,79.3,81,29.7
"2159","Up",4.5,78.1,80.7,32.9
"2160","Up",20.4,77,80.4,35.7
"2161","Up",26.7,75.8,80.2,37.2
"2162","Down",28,74.7,80,38.5
"2163","Down",27.1,73.8,79.7,39.4
"2164","Up",26,72.8,79.4,40.5
"2165","Up",27,71.7,79.1,41.5
"2166","Down",47.3,70.8,78.8,41.1
"2167","Up",43.5,69.9,78.5,40.7
"2168","Up",55.2,69.1,78.2,39.7
"2169","Up",61.4,68.5,77.8,38.7
"2170","Down",70.3,67.8,77.5,36.7
"2171","Down",56,67,77.1,35.4
"2172","Up",55,66.3,76.7,34.5
"2173","Down",53.3,65.7,76.2,33.5
"2174","Up",47.4,65.2,75.7,33.1
"2175","Up",51.6,65.1,75.4,32.6
"2176","Up",50.6,65,75.1,32
"2177","Up",53.2,65,74.8,31.2
"2178","Up",71.3,65.4,74.5,29.3
"2179","Up",75.8,66,74.4,28.7
"2180","Up",79,66.6,74.2,28.1
"2181","Down",82.2,67,74.1,27.7
"2182","Up",52.7,67.2,73.8,25.9
"2183","Up",57,67.6,73.5,24.5
"2184","Up",57.8,68,73.3,23
"2185","Up",60,68.4,73,21.6
"2186","Down",62.4,68.6,72.7,20.2
"2187","Down",55.2,69,72.4,18.8
"2188","Up",51.2,69.1,72.2,17.9
"2189","Up",53.4,69.3,71.9,16.9
"2190","Up",54.1,69.4,71.6,15.8
"2191","Up",63.6,69.7,71.3,15.7
"2192","Down",63.4,70.1,71,15.5
"2193","Up",48.3,70.3,70.8,14.6
"2194","Down",57.4,70.7,70.6,13.8
"2195","Down",51.8,71,70.4,13.2
"2196","Up",50.1,71.3,70.1,12.6
"2197","Down",57.1,71.6,69.9,11.8
"2198","Up",39.8,71.6,69.7,11.5
"2199","Up",39.3,71.4,69.4,11.3
"2200","Up",40.4,71.2,69.2,11
"2201","Down",51.2,71.1,68.9,10.4
"2202","Down",40.3,71.1,68.7,9.8
"2203","Down",36.3,71,68.5,9.4
"2204","Up",25.3,70.8,68.4,10.2
"2205","Down",23.5,70.6,68.3,11.4
"2206","Up",19.9,70.2,68.3,12.6
"2207","Up",45.8,70.1,68.3,12.1
"2208","Up",55.3,70.2,68.5,12
"2209","Up",58.7,70.2,68.7,12
"2210","Up",64.6,70.3,68.9,12.4
"2211","Up",66.9,70.3,69.1,12.8
"2212","Up",73.6,70.3,69.3,13.9
"2213","Down",80.9,70.6,69.5,15.4
"2214","Up",76.4,70.8,69.8,17
"2215","Up",78.8,71,70.1,18.7
"2216","Up",82.3,71.3,70.3,20.2
"2217","Up",86.5,71.5,70.5,21
"2218","Up",89.3,71.9,70.8,21.8
"2219","Up",90.5,72.4,71,22.6
"2220","Up",85.6,72.8,71.2,23.6
"2221","Down",88.2,73.2,71.4,24.6
"2222","Up",64.5,73.6,71.7,25
"2223","Up",62.7,74.1,71.9,25.2
"2224","Down",75.8,74.8,72.2,26.4
"2225","Up",68.8,75.6,72.5,27.9
"2226","Down",72.2,76.4,72.9,29
"2227","Up",63.5,77,73.1,30.1
"2228","Down",65.9,77.5,73.3,31.2
"2229","Up",60.4,78,73.5,32.1
"2230","Down",68.2,78.5,73.7,33.5
"2231","Up",63.5,78.9,73.8,34.9
"2232","Up",72.3,79.4,74.1,36.6
"2233","Down",73.8,79.8,74.4,38.2
"2234","Down",60.6,80.2,74.7,39.3
"2235","Down",45.1,80.3,74.9,37.9
"2236","Down",37.4,80.4,75,35.7
"2237","Up",32.4,80.4,75.1,33.2
"2238","Down",32.3,80.4,75.3,30.9
"2239","Down",26.3,80.4,75.4,29.6
"2240","Up",23.2,80.3,75.5,28.4
"2241","Up",32.3,80.1,75.6,27.4
"2242","Up",31,80.1,75.7,26.5
"2243","Down",32.4,80.1,75.8,24.7
"2244","Down",19,79.7,75.8,23.9
"2245","Up",16.5,79.3,75.9,24.2
"2246","Up",17.8,78.9,75.9,23
"2247","Up",35.5,78.7,76,22
"2248","Down",41.3,78.4,76.1,20.5
"2249","Up",26.1,77.9,76.1,20.8
"2250","Up",25.4,77.3,76.1,21.2
"2251","Up",29.3,76.8,76.1,21.2
"2252","Down",36.1,76.2,76.2,21.8
"2253","Down",28.8,75.5,76.2,22.1
"2254","Up",25.5,74.8,76.3,22.6
"2255","Up",32.1,74.3,76.3,22.8
"2256","Up",40.6,73.9,76.5,23
"2257","Up",53.3,73.7,76.6,21.8
"2258","Up",55.8,73.4,76.6,20.6
"2259","Down",58.7,73.3,76.6,19.5
"2260","Up",48.3,73,76.6,19
"2261","Up",46.6,72.7,76.6,18.1
"2262","Up",53.8,72.5,76.6,17.2
"2263","Up",74.7,72.5,76.6,17.3
"2264","Up",85.4,72.9,76.7,18.9
"2265","Up",84.8,73.4,76.8,20.5
"2266","Down",88.9,74,77,22.4
"2267","Up",80.6,74.4,77.1,24.2
"2268","Down",83.3,74.9,77.3,25.9
"2269","Down",80.5,75.6,77.4,27.7
"2270","Up",77,76.3,77.5,28.6
"2271","Up",74.1,77,77.6,29.4
"2272","Up",77.3,77.7,77.8,30.5
"2273","Up",78.6,78.5,78,31.5
"2274","Up",85.1,79.6,78.2,33.4
"2275","Down",88.2,80.7,78.4,35.4
"2276","Down",75.6,81.8,78.6,37.5
"2277","Up",67.4,82.6,78.8,38.7
"2278","Up",71.6,83.6,79,40
"2279","Up",73.6,84.6,79.3,41.6
"2280","Up",77.6,85.8,79.5,43.1
"2281","Up",81.8,87.1,79.9,45
"2282","Down",83.2,88.4,80.1,46.7
"2283","Down",62.3,89.2,80.3,47.1
"2284","Down",58.1,89.8,80.5,47
"2285","Up",54.3,90.3,80.8,46.6
"2286","Up",52.1,90.7,81.1,46.2
"2287","Down",55.8,91.2,81.4,45.4
"2288","Down",48.3,91.6,81.7,44.8
"2289","Up",43.3,92,82.1,43.7
"2290","Up",47,92.4,82.4,42.7
"2291","Down",49.3,92.9,82.7,42
"2292","Down",40.1,93.2,83,41
"2293","Down",26,93.4,83.3,38.7
"2294","Up",16.1,93.2,83.5,36.7
"2295","Up",19.2,92.9,83.8,34.8
"2296","Down",28.3,92.7,84.1,33.1
